exp_id,mol_id,inchikey,smiles,nheavy,source,H298_exp,uncertainty,H298_cbs,cbs_minus_exp,conflict_flag,low_priority_only,validation_only
exp_00000,cbs_30496,AAAQKTZKLRYKHR-UHFFFAOYSA-N,c1ccc(C(c2ccccc2)c2ccccc2)cc1,19,nist:gas,65.9895,1.1950,75.8185,9.8290,False,False,True
exp_00001,cbs_07178,AABBHSMFGKYLKE-SNAWJCMRSA-N,C/C=C/C(=O)OC(C)C,9,bains:Pedley,-98.2553,,-92.0246,6.2306,False,False,False
exp_00002,cbs_00050,AABTWRKUKUPMJG-UHFFFAOYSA-N,Cc1coc(C)c1,7,bains:Yaws,-23.3987,,-21.7385,1.6602,False,True,False
exp_00003,cbs_51661,ABDKAPXRBAPSQN-UHFFFAOYSA-N,COc1ccccc1OC,10,bains:Cox-1,-53.4000,,-46.8702,6.5297,False,False,False
exp_00006,cbs_06521,ACKALUBLCWJVNB-UHFFFAOYSA-N,CC(=O)OC(C)OC(C)=O,10,nist:gas,-194.2161,0.2629,-194.4305,-0.2144,False,False,True
exp_00016,cbs_09084,AEMRFAOFKBGASW-UHFFFAOYSA-N,O=C(O)CO,5,bains:Sandler,-139.3403,,-138.5670,0.7733,False,False,False
exp_00020,cbs_44638,AFFLGGQVNFXPEV-UHFFFAOYSA-N,C=CCCCCCCCC,10,nist:liquid+vap,-29.4861,0.4566,-20.6941,8.7921,False,False,True
exp_00025,cbs_50847,AFZZYIJIWUTJFO-UHFFFAOYSA-N,CCc1cccc(CC)c1,10,bains:Yaws,-5.0191,,1.7677,6.7868,False,True,False
exp_00027,cbs_07237,AGMKVZDPATUSMS-WAYWQWQTSA-N,CC/C=C\C(=O)OCC,9,nist:gas,-94.4073,0.7170,-88.0746,6.3326,False,False,True
exp_00028,cbs_46682,AGQOIYCTCOEHGR-UHFFFAOYSA-N,Cc1ccno1,6,rmg:CCCBDB,8.1405,0.1793,11.0608,2.9203,True,False,False
exp_00029,cbs_11446,AGSPXMVUFBBBMO-UHFFFAOYSA-N,N#CCCN,5,bains:NIST-1,21.4508,,24.7034,3.2526,False,False,False
exp_00030,cbs_12725,AGWFDZMDKNQQHG-UHFFFAOYSA-N,COC1(OC)CCCC1,9,nist:gas,-94.8853,0.4780,-93.2910,1.5943,False,False,True
exp_00031,cbs_44763,AHAREKHAZNPPMI-AATRIKPKSA-N,C=C/C=C/CC,6,nist:gas,12.9063,0.4780,19.9533,7.0470,False,False,True
exp_00034,cbs_12594,AHJWSRRHTXRLAQ-UHFFFAOYSA-N,COC(OC)(OC)OC,9,nist:gas,-173.8050,0.3585,-175.4850,-1.6800,False,False,True
exp_00035,cbs_05221,AIJULSRZWUXGPQ-UHFFFAOYSA-N,CC(=O)C=O,5,bains:Pedley,-64.7706,,-64.4299,0.3406,False,False,False
exp_00042,cbs_48898,AKOJBFZCIRFXBA-UHFFFAOYSA-N,C#CC#CCC,6,atct,94.0559,0.2247,99.1996,5.1436,False,False,False
exp_00049,cbs_09323,ALQSHHUCVQOPAS-UHFFFAOYSA-N,OCCCCCO,7,bains:Pedley,-107.3375,,-102.7752,4.5622,False,False,False
exp_00051,cbs_31141,ALYNCZNDIQEVRV-UHFFFAOYSA-N,Nc1ccc(C(=O)O)cc1,10,bains:Pedley,-70.9130,,-68.2771,2.6359,False,False,False
exp_00055,cbs_26804,AMIMRNSIRUDHCM-UHFFFAOYSA-N,CC(C)C=O,5,bains:Pedley,-59.1300,,-47.4909,11.6391,True,False,False
exp_00056,cbs_09519,AMQJEAYHLZJPGS-UHFFFAOYSA-N,CCCCCO,6,rmg:CCCBDB,-70.6573,0.1769,-66.2508,4.4064,True,False,False
exp_00057,cbs_48870,AMSFEMSYKQQCHL-UHFFFAOYSA-N,CC#CCCCC,7,nist:gas,20.2677,0.5258,26.8017,6.5340,False,False,True
exp_00060,cbs_14941,ANGDWNBGPBMQHW-UHFFFAOYSA-N,COC(=O)CC#N,7,nist:gas,-58.1501,0.2629,-58.7128,-0.5627,False,False,True
exp_00062,cbs_07363,AOGQPLXWSUTHQB-UHFFFAOYSA-N,CCCCCCOC(C)=O,10,bains:Yaws,-125.7887,,-121.0123,4.7764,False,True,False
exp_00071,cbs_30373,AQEFLFZSWDEAIP-UHFFFAOYSA-N,CC(C)(C)OC(C)(C)C,9,bains:Pedley,-86.5201,,-82.0425,4.4776,False,False,False
exp_00072,cbs_09499,AQIXEPGDORPWBJ-UHFFFAOYSA-N,CCC(O)CC,6,bains:Pedley,-75.8126,,-70.0179,5.7948,False,False,False
exp_00075,cbs_30354,ARGCQEVBJHPOGB-UHFFFAOYSA-N,C1=CCOC1,5,bains:Yaws,-26.0038,,-12.1035,13.9004,False,True,False
exp_00078,cbs_44619,ATQUFXWBVZUTKO-UHFFFAOYSA-N,CC1=CCCC1,6,rmg:CCCBDB,-0.8604,0.1793,5.8935,6.7540,False,False,False
exp_00084,cbs_44784,AUYRUAVCWOAHQN-UHFFFAOYSA-N,C=C(C)C(C)(C)C,7,bains:Pedley,-20.4350,,-14.2443,6.1907,False,False,False
exp_00088,cbs_30370,AWJUIBRHMBBTKR-UHFFFAOYSA-N,c1ccc2cnccc2c1,10,bains:Cioslowski,48.9000,,54.4234,5.5234,False,False,False
exp_00089,cbs_50572,AXHVNJGQOJFMHT-UHFFFAOYSA-N,Cc1ccccc1C(C)(C)C,11,nist:gas,-7.8872,0.4780,0.1274,8.0146,False,False,True
exp_00090,cbs_32608,AXPZDYVDTMMLNB-UHFFFAOYSA-N,CCOCc1ccccc1,10,bains:Yaws,-27.4857,,-20.2333,7.2524,False,True,False
exp_00095,cbs_52271,AZQWKYJCGOJGHM-UHFFFAOYSA-N,O=C1C=CC(=O)C=C1,8,bains:Cioslowski,-29.3000,,-24.7329,4.5671,True,False,False
exp_00097,cbs_43642,AZUKLCJYWVMPML-UHFFFAOYSA-N,Cn1nnc(=N)[nH]1,7,nist:gas,71.4149,0.6692,70.4374,-0.9775,False,False,True
exp_00098,cbs_05557,BADXJIPKFRBFOT-UHFFFAOYSA-N,CC1(C)CC(=O)CC(=O)C1,10,nist:gas,-91.6826,0.4541,-90.1299,1.5527,False,False,True
exp_00099,cbs_06219,BAPJBEWLBFYGME-UHFFFAOYSA-N,C=CC(=O)OC,6,bains:Pedley,-79.5889,,-71.3102,8.2787,False,False,False
exp_00104,cbs_09583,BAYAKMPRFGNNFW-UHFFFAOYSA-N,CC(C)C(O)C(C)C,8,bains:Yaws,-85.0574,,-81.2613,3.7960,False,True,False
exp_00106,cbs_00321,BBEAQIROQSPTKN-UHFFFAOYSA-N,c1cc2ccc3cccc4ccc(c1)c2c34,16,nist:gas,53.9436,0.3107,61.3046,7.3610,True,False,True
exp_00107,cbs_09580,BBMCTIGTTCKYKF-UHFFFAOYSA-N,CCCCCCCO,8,bains:Pedley,-80.4015,,-74.5883,5.8132,True,False,False
exp_00108,cbs_16175,BCGCCTGNWPKXJL-UHFFFAOYSA-N,N#CCCOCCC#N,9,bains:Yaws,4.8757,,13.5634,8.6877,False,True,False
exp_00111,cbs_12061,BCMJJXWXMZYZKN-UHFFFAOYSA-N,CC(C)(C#N)C#N,7,nist:gas,47.1319,0.2390,49.8714,2.7394,False,False,True
exp_00113,cbs_25988,BDCFWIDZNLCTMF-UHFFFAOYSA-N,CC(C)(O)c1ccccc1,10,nist:solid+sub,-40.1769,0.5746,-35.4151,4.7618,False,False,True
exp_00114,cbs_09065,BDERNNFJNOPAEC-UHFFFAOYSA-N,CCCO,4,atct,-60.9417,0.0478,-58.0405,2.9012,True,False,False
exp_00117,cbs_06247,BEPAFCGSDWSTEL-UHFFFAOYSA-N,COC(=O)CC(=O)OC,9,nist:gas,-176.3384,0.2390,-178.1161,-1.7777,True,False,True
exp_00119,cbs_50672,BEZDDPMMPIDMGJ-UHFFFAOYSA-N,Cc1cc(C)c(C)c(C)c1C,11,nist:gas,-16.0612,0.5258,-7.4582,8.6030,False,False,True
exp_00120,cbs_50742,BFIMMTCNYPIMRN-UHFFFAOYSA-N,Cc1cc(C)c(C)c(C)c1,10,nist:gas,-10.6119,0.2868,-3.1562,7.4557,False,False,True
exp_00125,cbs_14983,BGCWDXXJMUHZHE-UHFFFAOYSA-N,CC1=CCCO1,6,bains:NIST-1,-29.3021,,-24.3605,4.9417,True,False,False
exp_00126,cbs_30455,BGJSXRVXTHVRSN-UHFFFAOYSA-N,C1OCOCO1,6,rmg:CCCBDB,-111.3193,0.1195,-112.6830,-1.3637,True,False,False
exp_00128,cbs_30405,BGXXXYLRPIRDHJ-UHFFFAOYSA-N,CCC(CC)(CC)CC,9,bains:Yaws,-55.6405,,-47.2997,8.3408,False,True,False
exp_00133,cbs_07541,BHXIWUJLHYHGSJ-UHFFFAOYSA-N,CCOCCC(=O)OCC,10,bains:Yaws,-151.2906,,-145.9853,5.3054,False,True,False
exp_00138,cbs_49373,BKIMMITUMNQMOS-UHFFFAOYSA-N,CCCCCCCCC,9,atct,-54.5076,0.1147,-46.6075,7.9001,False,False,False
exp_00139,cbs_44764,BKOOMYPCSUNDGP-UHFFFAOYSA-N,CC=C(C)C,5,bains:Pedley,-9.9904,,-3.9714,6.0191,False,False,False
exp_00140,cbs_49754,BKYWPNROPGQIFZ-UHFFFAOYSA-N,Cc1ccc(C(=O)O)c(C)c1,11,nist:gas,-84.8470,0.4063,-81.4654,3.3817,False,False,True
exp_00149,cbs_15117,BOFLDKIFLIFLJA-UHFFFAOYSA-N,C#CC(=C)C,5,bains:NIST-1,61.9025,,65.3815,3.4790,False,False,False
exp_00151,cbs_44824,BPBOWYWUOUJKLO-UHFFFAOYSA-N,CC=C1CCCCC1,8,bains:Pedley,-14.6989,,-5.6682,9.0307,False,False,False
exp_00152,cbs_06274,BPGDAMSIGCZZLK-UHFFFAOYSA-N,CC(=O)OCOC(C)=O,9,nist:gas,-186.5822,0.2223,-186.8817,-0.2995,False,False,True
exp_00155,cbs_44780,BQOFWKZOCNGFEC-DTWKUNHWSA-N,CC1=CC[C@H]2[C@@H](C1)C2(C)C,10,nist:gas,4.5411,0.9560,14.7971,10.2560,False,False,True
exp_00157,cbs_42375,BSKHPKMHTQYZBB-UHFFFAOYSA-N,Cc1ccccn1,7,bains:Pedley,23.7094,,27.9975,4.2881,False,False,False
exp_00162,cbs_13621,BTCSSZJGUNDROE-UHFFFAOYSA-N,NCCCC(=O)O,7,nist:gas,-105.4015,0.4780,-101.9290,3.4726,False,False,True
exp_00163,cbs_25554,BTFQKIATRPGRBS-UHFFFAOYSA-N,Cc1ccccc1C=O,9,atct,-15.8700,0.2629,-11.5265,4.3434,False,False,False
exp_00168,cbs_07382,BTMVHUNTONAYDX-UHFFFAOYSA-N,CCCCOC(=O)CC,9,bains:Yaws,-120.1243,,-117.3083,2.8160,False,True,False
exp_00170,cbs_24128,BVALZCVRLDMXOQ-UHFFFAOYSA-N,CCCCC[N+](=O)[O-],8,nist:liquid+vap,-39.3642,0.3617,-37.8172,1.5471,False,False,True
exp_00177,cbs_42933,BWZVCCNYKMEVEX-UHFFFAOYSA-N,Cc1cc(C)nc(C)c1,9,nist:liquid+vap,4.6128,0.5518,10.6500,6.0371,False,False,True
exp_00180,cbs_47359,BXQDLEHCXQQSCH-UHFFFAOYSA-N,c1ccc(-c2ccno2)cc1,11,bains:Pedley,38.3365,,44.2766,5.9401,False,False,False
exp_00181,cbs_30326,BXWNKGSJHAJOGX-UHFFFAOYSA-N,CCCCCCCCCCCCCCCCO,17,nist:gas,-123.6855,0.7648,-110.1674,13.5180,False,False,True
exp_00185,cbs_12750,BZLVMXJERCGZMT-UHFFFAOYSA-N,COC(C)(C)C,6,bains:Pedley,-67.7581,,-64.7242,3.0339,True,False,False
exp_00186,cbs_07047,CAFVGIPKHPBMJS-UHFFFAOYSA-N,COC(=O)C(C)(C)C(=O)OC,11,nist:gas,-191.8595,0.1888,-193.0766,-1.2171,False,False,True
exp_00187,cbs_09634,CAKWRXVKWGUISE-UHFFFAOYSA-N,CC1(O)CCCC1,7,nist:gas,-67.9493,0.3346,-62.4146,5.5347,False,False,True
exp_00189,cbs_30406,CBFCDTFDPHXCNY-UHFFFAOYSA-N,CCCCCCCCCCCCCCCCCCCC,20,nist:gas,-108.9388,0.7409,-90.0658,18.8731,False,False,True
exp_00193,cbs_06270,CBTGNLZUIZHUHY-UHFFFAOYSA-N,COC(=O)C1CCC1,8,bains:Pedley,-84.9187,,-75.6668,9.2519,True,False,False
exp_00194,cbs_32972,CBXMULHQEVXJDI-UHFFFAOYSA-N,c1ccc2c(c1)OCCCO2,11,bains:Pedley,-44.3356,,-43.8356,0.5000,False,False,False
exp_00195,cbs_30508,CCGKOQOJPYTBIH-UHFFFAOYSA-N,C=C=O,3,atct,-11.5679,0.0263,-10.5754,0.9925,True,False,False
exp_00196,cbs_02654,CCQPAEQGAVNNIA-UHFFFAOYSA-N,O=C(O)C1(C(=O)O)CCC1,10,nist:gas,-173.1597,0.2868,-170.1670,2.9927,False,False,True
exp_00198,cbs_30544,CDAWCLOXVUBKRW-UHFFFAOYSA-N,Nc1ccccc1O,8,nist:gas,-20.8174,0.3107,-17.1189,3.6985,True,False,True
exp_00200,cbs_05691,CEGGECULKVTYMM-UHFFFAOYSA-N,CC(C)C(=O)CC(=O)C(C)C,11,nist:gas,-112.4283,0.5019,-104.4808,7.9475,False,False,True
exp_00202,cbs_01662,CERQOIWHTDAKMF-UHFFFAOYSA-N,C=C(C)C(=O)O,6,bains:NIST-1,-87.7868,,-83.9259,3.8609,True,False,False
exp_00206,cbs_09635,CFEPFAMBMGCTQM-UHFFFAOYSA-N,CC(C)(CCO)CCO,9,bains:Yaws,-119.9809,,-113.0666,6.9143,False,True,False
exp_00207,cbs_09700,CFWIFHZJKFFDFU-UHFFFAOYSA-N,CCC(O)(CC)C(C)(C)C,10,bains:Yaws,-95.3203,,-87.8979,7.4224,False,True,False
exp_00208,cbs_46989,CFZKDDTWZYUZKS-UHFFFAOYSA-N,Cc1cccc[n+]1[O-],8,nist:solid+sub,24.6654,0.4927,20.8192,-3.8462,False,False,True
exp_00210,cbs_48904,CGHIBGNXEGJPQZ-UHFFFAOYSA-N,C#CCCCC,6,bains:NIST-1,29.2304,,35.4918,6.2614,False,False,False
exp_00212,cbs_49805,CGMMPMYKMDITEA-UHFFFAOYSA-N,CCc1ccccc1C(=O)O,11,bains:Pedley,-81.4054,,-77.4426,3.9628,False,False,False
exp_00217,cbs_15267,CIHOLLKRGTVIJN-UHFFFAOYSA-N,CC(C)(C)OO,6,bains:Pedley,-58.7715,,-55.0300,3.7415,True,False,False
exp_00222,cbs_09775,CKFGINPQOCXMAZ-UHFFFAOYSA-N,OCO,3,atct,-93.5899,0.1482,-93.6705,-0.0807,False,False,False
exp_00225,cbs_12123,CLVBVRODHJFTGF-UHFFFAOYSA-N,N#CCN1CCCCC1,9,nist:gas,19.8375,0.2868,30.1717,10.3342,True,False,True
exp_00227,cbs_30470,CLZCPQKGOAXOJT-UHFFFAOYSA-N,CCC(CC)C(C)(C)C,9,bains:Yaws,-55.2820,,-47.3833,7.8987,False,True,False
exp_00230,cbs_51890,CNHDIAIOKMXOLK-UHFFFAOYSA-N,Cc1cc(O)ccc1O,9,bains:Yaws,-73.1119,,-67.9516,5.1602,False,True,False
exp_00231,cbs_07059,CNMFHDIDIMZHKY-UHFFFAOYSA-N,COC(=O)C(C)(C)C,8,bains:Pedley,-118.1405,,-114.1558,3.9847,True,False,False
exp_00237,cbs_07559,CQEYYJKEWSMYFG-UHFFFAOYSA-N,C=CC(=O)OCCCC,9,nist:gas,-89.6989,0.1912,-86.4460,3.2529,True,False,True
exp_00238,cbs_47667,CRBJBYGJVIBWIY-UHFFFAOYSA-N,CC(C)c1ccccc1O,10,bains:Pedley,-43.5468,,-34.6061,8.9407,True,False,False
exp_00240,cbs_30309,CRSBERNSMYQZNG-UHFFFAOYSA-N,C=CCCCCCCCCCC,12,nist:gas,-39.5315,0.5019,-28.9766,10.5549,False,False,True
exp_00241,cbs_30399,CRSOQBOWXPBRES-UHFFFAOYSA-N,CC(C)(C)C,5,atct,-39.9474,0.0908,-35.0077,4.9397,False,False,False
exp_00249,cbs_44767,CTMHWPIWNRWQEG-UHFFFAOYSA-N,CC1=CCCCC1,7,bains:Pedley,-10.3489,,-2.6563,7.6926,True,False,False
exp_00250,cbs_50859,CTQNGGLPUBDAKN-UHFFFAOYSA-N,Cc1ccccc1C,8,bains:Cioslowski,4.6000,,10.2013,5.6013,False,False,False
exp_00251,cbs_52331,CUFNKYGDVFVPHO-UHFFFAOYSA-N,c1ccc2cccc-2cc1,10,bains:Cioslowski,69.1000,,76.7105,7.6106,True,False,False
exp_00253,cbs_46487,CUMCMYMKECWGHO-UHFFFAOYSA-N,Cc1ccon1,6,rmg:CCCBDB,8.5206,0.1601,11.6162,3.0957,True,False,False
exp_00254,cbs_30484,CUONGYYJJVDODC-UHFFFAOYSA-N,N#CCC#N,5,rmg:CCCBDB,63.6472,0.2390,63.6475,0.0003,False,False,False
exp_00256,cbs_27541,CUYKNJBYIJFRCU-UHFFFAOYSA-N,Nc1cccnc1,7,nist:gas,34.4646,0.3824,38.0497,3.5851,False,False,True
exp_00257,cbs_30560,CWLKGDAVCFYWJK-UHFFFAOYSA-N,Nc1cccc(O)c1,8,nist:gas,-23.5660,0.3824,-17.1107,6.4552,True,False,True
exp_00260,cbs_30426,CWRYPZZKDGJXCA-UHFFFAOYSA-N,c1cc2c3c(cccc3c1)CC2,12,bains:Cioslowski,37.3000,,45.0293,7.7293,False,False,False
exp_00261,cbs_12586,CXBDYQVECUFKRK-UHFFFAOYSA-N,CCCCOC,6,bains:Pedley,-61.6874,,-56.8546,4.8328,False,False,False
exp_00265,cbs_52502,CXWXQJXEFPUFDZ-UHFFFAOYSA-N,c1ccc2c(c1)CCCC2,10,nist:gas,6.2141,0.4780,13.5215,7.3073,False,False,True
exp_00269,cbs_30330,CZZYITDELCSZES-UHFFFAOYSA-N,c1ccc(Cc2ccccc2)cc1,13,nist:gas,39.3881,0.3824,47.5744,8.1863,False,False,True
exp_00274,cbs_09585,DBTGFWMBFZBBEF-UHFFFAOYSA-N,CC(C)(O)CC(C)(C)O,9,bains:Yaws,-127.1033,,-126.1012,1.0020,False,True,False
exp_00276,cbs_50728,DBWWINQJTZYDFK-UHFFFAOYSA-N,C=Cc1cc(C)ccc1C,10,bains:Yaws,21.3408,,27.5196,6.1788,False,True,False
exp_00277,cbs_30323,DCAYPVUWAIABOU-UHFFFAOYSA-N,CCCCCCCCCCCCCCCC,16,nist:liquid+vap,-89.6272,0.4991,-73.9906,15.6366,False,False,True
exp_00283,cbs_49333,DEDZSLCZHWTGOR-UHFFFAOYSA-N,CCCC1CCCCC1,9,nist:gas,-46.1998,0.3107,-37.0956,9.1042,False,False,True
exp_00288,cbs_27251,DFPAKSUCGFBDDF-UHFFFAOYSA-N,N=C(O)c1cccnc1,9,nist:solid+sub,-3.2744,0.8872,-6.8049,-3.5305,False,False,True
exp_00294,cbs_12978,DHKHKXVYLBGOIT-UHFFFAOYSA-N,CCOC(C)OCC,8,bains:Pedley,-108.3891,,-104.7930,3.5961,False,False,False
exp_00296,cbs_13122,DHMQDGOQFOQNFH-UHFFFAOYSA-N,NCC(=O)O,5,atct,-94.3332,0.1315,-93.4892,0.8439,True,False,False
exp_00304,cbs_01055,DJEQZVQFEPKLOY-UHFFFAOYSA-N,CCCCN(C)C,7,bains:Yaws,-21.8929,,-14.7432,7.1498,False,True,False
exp_00306,cbs_30365,DKGAVHZHDRPRBM-UHFFFAOYSA-N,CC(C)(C)O,5,atct,-74.5937,0.4541,-71.5237,3.0700,False,False,False
exp_00307,cbs_06673,DKPFZGUDAPQIHT-UHFFFAOYSA-N,CCCCOC(C)=O,8,bains:Pedley,-116.0612,,-112.8859,3.1753,True,False,False
exp_00309,cbs_16975,DLDJFQGPPSQZKI-UHFFFAOYSA-N,OCC#CCO,6,bains:Yaws,-37.0459,,-28.7784,8.2675,False,True,False
exp_00310,cbs_01559,DLFVBJFMPXGRIB-UHFFFAOYSA-N,CC(N)=O,4,atct,-56.6778,0.1338,-55.0199,1.6579,False,False,False
exp_00311,cbs_32651,DLRJIFUOBPOJNS-UHFFFAOYSA-N,CCOc1ccccc1,9,bains:Pedley,-24.2830,,-18.9332,5.3497,True,False,False
exp_00312,cbs_30383,DMEGYFMYUHOHGS-UHFFFAOYSA-N,C1CCCCCC1,7,atct,-28.1788,0.1243,-20.0524,8.1263,False,False,False
exp_00313,cbs_47025,DMGGLIWGZFZLIY-UHFFFAOYSA-N,Cc1ccc[n+]([O-])c1,8,nist:solid+sub,21.7495,0.5975,24.0675,2.3180,False,False,True
exp_00321,cbs_30604,DPJCXCZTLWNFOH-UHFFFAOYSA-N,Nc1ccccc1[N+](=O)[O-],10,bains:Pedley,15.2486,,15.0226,-0.2260,False,False,False
exp_00322,cbs_51475,DPZNOMCNRMUKPS-UHFFFAOYSA-N,COc1cccc(OC)c1,10,bains:Pedley,-53.3700,,-50.7908,2.5792,False,False,False
exp_00323,cbs_48853,DQQNMIPXXNPGCV-UHFFFAOYSA-N,CCC#CCC,6,bains:NIST-1,25.1912,,31.8775,6.6863,False,False,False
exp_00325,cbs_50617,DSNHSQKRULAAEI-UHFFFAOYSA-N,CCc1ccc(CC)cc1,10,bains:Yaws,-4.8685,,1.8061,6.6747,False,True,False
exp_00332,cbs_12717,DURPTKYDGMDSBL-UHFFFAOYSA-N,CCCCOCCCC,9,bains:Pedley,-79.6845,,-70.9934,8.6911,False,False,False
exp_00333,cbs_09423,DUXCSEISVMREAX-UHFFFAOYSA-N,CC(C)(C)CCO,7,bains:Yaws,-80.0669,,-74.2829,5.7840,False,True,False
exp_00335,cbs_30342,DXBHBZVCASKNBY-UHFFFAOYSA-N,c1ccc2cc3c(ccc4ccccc43)cc2c1,18,nist:gas,69.3834,1.4340,75.8575,6.4742,False,False,True
exp_00336,cbs_07072,DXBOTVWRXLQVMG-UHFFFAOYSA-N,COC(=O)CC(C)(C)C,9,nist:gas,-122.2992,0.3824,-118.7187,3.5805,False,False,True
exp_00344,cbs_44805,DZPCYXCBXGQBRN-UHFFFAOYSA-N,CC(C)=CC=C(C)C,8,nist:gas,-4.5889,0.2008,3.4143,8.0032,False,False,True
exp_00348,cbs_04076,FBUKVWPVBMHYJY-UHFFFAOYSA-N,CCCCCCCCC(=O)O,11,bains:Pedley,-137.9780,,-131.6377,6.3403,False,False,False
exp_00351,cbs_09772,FCBBRODPXVPZAH-UHFFFAOYSA-N,CCCCC(O)CCCC,10,bains:Yaws,-92.3996,,-87.4813,4.9183,False,True,False
exp_00354,cbs_05382,FDPIMTJIUBPUKL-UHFFFAOYSA-N,CCC(=O)CC,6,bains:Pedley,-61.6396,,-55.5625,6.0771,True,False,False
exp_00355,cbs_47244,FEKDDEQYKDNKJG-UHFFFAOYSA-N,Cc1cc(C)c(N=O)c(C)c1,11,nist:gas,25.6692,0.4541,30.3156,4.6464,False,False,True
exp_00357,cbs_01524,FERIUCNNQQJTOY-UHFFFAOYSA-N,CCCC(=O)O,6,bains:Pedley,-113.7189,,-110.7711,2.9479,True,False,False
exp_00364,cbs_30379,FGLBSLMDCBOPQK-UHFFFAOYSA-N,CC(C)[N+](=O)[O-],6,bains:Pedley,-33.2218,,-32.6356,0.5862,False,False,False
exp_00365,cbs_12719,FGQLGYBGTRHODR-UHFFFAOYSA-N,CCOC(C)(C)OCC,9,bains:Pedley,-121.0803,,-113.9361,7.1442,True,False,False
exp_00370,cbs_46614,FICAQKBMCKEFDI-UHFFFAOYSA-N,Cc1cc(C)on1,7,bains:Pedley,-4.2782,,1.4210,5.6992,False,False,False
exp_00371,cbs_42829,FINHMKGKINIASC-UHFFFAOYSA-N,Cc1nc(C)c(C)nc1C,10,nist:gas,13.0736,1.0755,13.6406,0.5670,False,False,True
exp_00374,cbs_46793,FJCFFCXMEXZEIM-UHFFFAOYSA-N,O=C(O)c1ccc[n+]([O-])c1,10,nist:gas,-53.8002,0.5258,-58.2511,-4.4509,False,False,True
exp_00375,cbs_14850,FJDUDHYHRVPMJZ-UHFFFAOYSA-N,CCCCCCCCCN,10,bains:Yaws,-46.6539,,-37.6293,9.0247,False,True,False
exp_00379,cbs_47501,FJKROLUGYXJWQN-UHFFFAOYSA-N,O=C(O)c1ccc(O)cc1,10,nist:gas,-117.7342,0.5258,-111.5782,6.1561,True,False,True
exp_00380,cbs_00054,FJSKXQVRKZTKSI-UHFFFAOYSA-N,Cc1ccoc1C,7,bains:Yaws,-23.3987,,-21.7917,1.6069,False,True,False
exp_00381,cbs_15401,FJTRNRFAIZEJJJ-UHFFFAOYSA-N,C=C(OC)OC,6,nist:gas,-67.0889,0.9082,-63.5340,3.5549,False,False,True
exp_00383,cbs_42399,FKNQCJSGGFJEIZ-UHFFFAOYSA-N,Cc1ccncc1,7,bains:Pedley,24.8805,,28.9238,4.0433,False,False,False
exp_00384,cbs_32152,FKPXGNGUVSHWQQ-UHFFFAOYSA-N,Cc1cc(N)no1,7,bains:Pedley,4.7084,,10.0451,5.3367,False,False,False
exp_00385,cbs_06473,FKRCODPIKNYEAC-UHFFFAOYSA-N,CCOC(=O)CC,7,bains:Pedley,-110.8031,,-108.7457,2.0574,True,False,False
exp_00386,cbs_30304,FLKPEMZONWLCSK-UHFFFAOYSA-N,CCOC(=O)c1ccccc1C(=O)OCC,16,nist:gas,-163.7189,3.1071,-160.0118,3.7071,False,False,True
exp_00388,cbs_49352,FLTJDUOFAQWHDF-UHFFFAOYSA-N,CCCCC(C)(C)C,8,bains:Pedley,-53.6807,,-46.4067,7.2740,False,False,False
exp_00390,cbs_09584,FMLSQAUAAGVTJO-UHFFFAOYSA-N,CC(C)CC(C)(C)O,8,bains:Yaws,-84.6248,,-82.9735,1.6513,False,True,False
exp_00392,cbs_51508,FNYDIAAMUCQQDE-UHFFFAOYSA-N,Cc1ccc(O)cc1O,9,bains:Yaws,-73.1119,,-68.9968,4.1151,False,True,False
exp_00402,cbs_01461,FQPSGWSUVKBHSU-UHFFFAOYSA-N,C=C(C)C(N)=O,6,bains:NIST-1,-37.6912,,-35.9651,1.7261,True,False,False
exp_00405,cbs_00311,FRASJONUBLZVQX-UHFFFAOYSA-N,O=C1C=CC(=O)c2ccccc21,12,bains:Pedley,-26.5296,,-19.1174,7.4122,True,False,False
exp_00406,cbs_09417,FRDAATYAJDYRNW-UHFFFAOYSA-N,CCC(C)(O)CC,7,nist:gas,-83.2457,0.2868,-78.5664,4.6793,False,False,True
exp_00410,cbs_23032,FSYKKLYZXJSNPZ-UHFFFAOYSA-N,CNCC(=O)O,6,bains:Pedley,-87.7868,,-91.4134,-3.6266,False,False,False
exp_00417,cbs_05879,FUBFWTUFPGFHOJ-UHFFFAOYSA-N,O=[N+]([O-])c1ccco1,8,bains:Pedley,-6.8834,,-8.9317,-2.0484,False,False,False
exp_00420,cbs_02514,FUZZWVXGSFPDMH-UHFFFAOYSA-N,CCCCCC(=O)O,8,bains:Pedley,-122.3470,,-119.1999,3.1471,True,False,False
exp_00427,cbs_06911,FWZUNOYOVVKUNF-UHFFFAOYSA-N,C=CCOC(C)=O,7,bains:Yaws,-79.8279,,-77.0756,2.7523,False,True,False
exp_00429,cbs_26692,FXHGMKSSBGDXIY-UHFFFAOYSA-N,CCCCCCC=O,8,bains:Pedley,-63.0497,,-58.6484,4.4013,False,False,False
exp_00430,cbs_30346,FXHOOIRPVKKKFG-UHFFFAOYSA-N,CC(=O)N(C)C,6,nist:liquid+vap,-54.8040,1.7110,-52.4850,2.3190,False,False,True
exp_00431,cbs_00135,FXLOVSHXALFLKQ-UHFFFAOYSA-N,Cc1ccc(C=O)cc1,9,atct,-17.2562,0.2868,-12.6156,4.6406,False,False,False
exp_00433,cbs_30389,FXNDIJDIPNCZQJ-UHFFFAOYSA-N,C=C(C)CC(C)(C)C,8,bains:Pedley,-26.4340,,-19.3342,7.0998,True,False,False
exp_00438,cbs_50746,FYGHSUNMUKGBRK-UHFFFAOYSA-N,Cc1cccc(C)c1C,9,nist:gas,-2.2945,0.3107,4.1959,6.4903,False,False,True
exp_00443,cbs_23977,GAPFWGOSHOCNBM-UHFFFAOYSA-N,CC(C)O[N+](=O)[O-],7,bains:Pedley,-45.6501,,-43.8839,1.7662,False,False,False
exp_00452,cbs_42589,GCNTZFIIOFTKIY-UHFFFAOYSA-N,O=c1cc[nH]cc1,7,nist:gas,-9.7514,0.5019,-7.3839,2.3675,False,False,True
exp_00460,cbs_10189,GDXMMBDEMOUTNS-UHFFFAOYSA-N,CCN(CC)CC(C)=O,9,nist:gas,-55.7600,0.5258,-48.1728,7.5872,False,False,True
exp_00462,cbs_13617,GELMWIVBBPAMIO-UHFFFAOYSA-N,CCC(C)(C)N,6,bains:Yaws,-26.9359,,-27.6592,-0.7232,False,True,False
exp_00466,cbs_30700,GEYOCULIXLDCMW-UHFFFAOYSA-N,Nc1ccccc1N,8,nist:solid+sub,29.7801,1.3642,26.0118,-3.7683,False,False,True
exp_00468,cbs_37896,GFFGJBXGBJISGV-UHFFFAOYSA-N,Nc1ncnc2nc[nH]c12,10,bains:Pedley,48.9484,,56.5773,7.6289,False,False,False
exp_00471,cbs_51931,GGNQRNBDZQJCCN-UHFFFAOYSA-N,Oc1ccc(O)c(O)c1,9,nist:gas,-106.1185,0.3824,-104.0037,2.1148,True,False,True
exp_00473,cbs_30374,GGSUCNLOZRCGPQ-UHFFFAOYSA-N,CCN(CC)c1ccccc1,11,nist:gas,14.8423,1.8164,18.2424,3.4002,False,False,True
exp_00475,cbs_52017,GHMLBKRAJCXXBS-UHFFFAOYSA-N,Oc1cccc(O)c1,8,bains:Pedley,-65.6549,,-61.3913,4.2636,True,False,False
exp_00476,cbs_52557,GHUURDQYRGVEHX-UHFFFAOYSA-N,CC#Cc1ccccc1,9,nist:gas,64.1013,0.5258,72.3574,8.2561,False,False,True
exp_00477,cbs_30312,GHVNFZFCNZKVNT-UHFFFAOYSA-N,CCCCCCCCCC(=O)O,12,bains:Pedley,-142.1845,,-135.6919,6.4926,True,False,False
exp_00478,cbs_18831,GIAFURWZWWWBQT-UHFFFAOYSA-N,NCCOCCO,7,bains:Yaws,-87.2371,,-82.1290,5.1081,False,True,False
exp_00479,cbs_49340,GIEZWIDCIFCQPS-UHFFFAOYSA-N,CCC(C)(CC)CC,8,bains:Pedley,-51.3384,,-43.7893,7.5491,False,False,False
exp_00483,cbs_49625,GJQBHOAJJGIPRH-UHFFFAOYSA-N,N#CC(=O)c1ccccc1,10,bains:Pedley,28.0832,,32.0439,3.9607,False,False,False
exp_00484,cbs_12997,GKASDNZWUGIAMG-UHFFFAOYSA-N,CCOC(OCC)OCC,10,bains:Pedley,-151.8403,,-150.3117,1.5286,True,False,False
exp_00488,cbs_01406,GKRZNOGGALENQJ-UHFFFAOYSA-N,CC(O)=NC(=N)O,7,nist:gas,-105.5688,0.2151,-103.7185,1.8503,False,False,True
exp_00492,cbs_25068,GMLDCZYTIPCVMO-UHFFFAOYSA-N,C=C(C=O)CC,6,bains:NIST-1,-31.3576,,-23.1763,8.1813,False,False,False
exp_00495,cbs_15424,GNUGVECARVKIPH-UHFFFAOYSA-N,C=COC(C)C,6,bains:Pedley,-41.5392,,-33.3075,8.2317,False,False,False
exp_00499,cbs_49339,GPBUTTSWJNPYJL-UHFFFAOYSA-N,CCCCCCC(C)(C)C,10,bains:Yaws,-63.8145,,-54.7715,9.0430,False,True,False
exp_00504,cbs_49737,GPSDUZXPYCFOSQ-UHFFFAOYSA-N,Cc1cccc(C(=O)O)c1,10,nist:gas,-78.3700,0.3346,-75.4100,2.9600,False,False,True
exp_00507,cbs_14284,GPWHFPWZAPOYNO-UHFFFAOYSA-N,CC(C)(C)CCN,7,bains:Yaws,-35.8031,,-28.9425,6.8605,False,True,False
exp_00508,cbs_30424,GQEZCXVZFLOKMC-UHFFFAOYSA-N,C=CCCCCCCCCCCCCCC,16,nist:gas,-59.3690,0.5975,-43.9627,15.4064,False,False,True
exp_00511,cbs_16010,GREBWGAVFUQVPM-UHFFFAOYSA-N,COC(C)(C)C#N,7,nist:gas,-29.9713,0.4302,-24.2789,5.6924,False,False,True
exp_00512,cbs_42341,GRFNBEZIAWKNCO-UHFFFAOYSA-N,Oc1cccnc1,7,bains:Pedley,-10.4446,,-5.1345,5.3100,False,False,False
exp_00515,cbs_06114,GSJFXBNYJCXDGI-UHFFFAOYSA-N,COC(=O)CO,6,bains:NIST-1,-133.1023,,-134.2374,-1.1351,False,False,False
exp_00516,cbs_00043,GSNUFIFRDBKVIE-UHFFFAOYSA-N,Cc1ccc(C)o1,7,bains:Yaws,-23.3987,,-23.2561,0.1426,False,True,False
exp_00520,cbs_15037,GTCAXTIRRLKXRU-UHFFFAOYSA-N,COC(N)=O,5,bains:NIST-1,-101.6491,,-98.2935,3.3556,False,False,False
exp_00524,cbs_43664,GTKOKCQMHAGFSM-UHFFFAOYSA-N,Cn1[nH]nnc1=N,7,nist:gas,72.2753,0.6692,74.7452,2.4698,False,False,True
exp_00526,cbs_30472,GUMULFRCHLJNDY-UHFFFAOYSA-N,CC(C)(C)CC(C)(C)C,9,nist:gas,-57.7199,0.3585,-49.7963,7.9236,False,False,True
exp_00530,cbs_52601,GVEPBJHOBDJJJI-UHFFFAOYSA-N,c1ccc2c(c1)-c1cccc3cccc-2c13,16,nist:gas,69.7897,0.5258,75.9793,6.1896,False,False,True
exp_00535,cbs_00077,GWHJZXXIDMPWGX-UHFFFAOYSA-N,Cc1ccc(C)c(C)c1,9,nist:gas,-3.3222,0.2629,2.8822,6.2043,False,False,True
exp_00536,cbs_02002,GWYFCOCPABKNJV-UHFFFAOYSA-N,CC(C)CC(=O)O,7,bains:Pedley,-121.8929,,-116.8731,5.0199,False,False,False
exp_00539,cbs_27017,GYHFUZHODSMOHU-UHFFFAOYSA-N,CCCCCCCCC=O,10,bains:Yaws,-74.3069,,-66.9607,7.3462,False,True,False
exp_00544,cbs_30400,GZPHSAQLYPIAIN-UHFFFAOYSA-N,N#Cc1cccnc1,8,nist:gas,66.4197,0.4780,70.2531,3.8334,False,False,True
exp_00545,cbs_47332,GZRPVYSKBVDCBV-CMDGGOBGSA-N,CCCCCC/C(C)=N/O,10,nist:gas,-43.2122,0.9799,-33.5610,9.6513,False,False,True
exp_00546,cbs_48848,GZTNBKQTTZSQNS-UHFFFAOYSA-N,CCCC#CCCC,8,nist:gas,14.3642,0.5019,22.9856,8.6214,False,False,True
exp_00547,cbs_32074,HAFURWXQHTZNTN-UHFFFAOYSA-N,Nc1nonc1[N+](=O)[O-],9,bains:Add Lit 1,43.1644,,49.0990,5.9346,False,False,False
exp_00557,cbs_49817,HCBHQDKBSKYGCK-UHFFFAOYSA-N,Cc1cccc(C)c1C(=O)O,11,nist:gas,-81.6444,0.4063,-77.9543,3.6901,False,False,True
exp_00558,cbs_30415,HCFAJYNVAYBARA-UHFFFAOYSA-N,CCCC(=O)CCC,8,nist:gas,-71.2954,0.3107,-66.6944,4.6010,False,False,True
exp_00560,cbs_47154,HCWVKDOCXDWFEH-UHFFFAOYSA-N,Cc1ccc2c(c1)no[n+]2[O-],11,nist:gas,63.9101,0.5258,64.0531,0.1429,False,False,True
exp_00565,cbs_12485,HDPNBNXLBDFELL-UHFFFAOYSA-N,COC(C)(OC)OC,8,bains:Pedley,-136.8786,,-135.7615,1.1171,False,False,False
exp_00571,cbs_32778,HEVMDQBCAHEHDY-UHFFFAOYSA-N,COC(OC)c1ccccc1,11,nist:gas,-59.4981,0.2103,-57.2784,2.2197,False,False,True
exp_00572,cbs_12956,HEWZVZIVELJPQZ-UHFFFAOYSA-N,COC(C)(C)OC,7,bains:Pedley,-102.6769,,-101.6320,1.0449,True,False,False
exp_00573,cbs_50732,HFPZCAJZSCWRBC-UHFFFAOYSA-N,Cc1ccc(C(C)C)cc1,10,bains:Yaws,-6.9312,,0.2707,7.2019,False,True,False
exp_00574,cbs_26813,HGBOYTHUEUWSSQ-UHFFFAOYSA-N,CCCCC=O,6,bains:Pedley,-54.6128,,-50.1723,4.4405,False,False,False
exp_00576,cbs_09761,HGDVHRITTGWMJK-UHFFFAOYSA-N,CC(C)CCCC(C)(C)O,10,bains:Yaws,-94.4909,,-93.4067,1.0842,False,True,False
exp_00580,cbs_07437,HHEIMYAXCOIQCJ-UHFFFAOYSA-N,CCOC(=O)C(C)(C)C,9,bains:Pedley,-128.1071,,-121.0404,7.0666,True,False,False
exp_00586,cbs_30310,HKOOXMFOFWEVGF-UHFFFAOYSA-N,NNc1ccccc1,8,bains:Pedley,48.4943,,55.5215,7.0272,False,False,False
exp_00588,cbs_50558,HLOUDBQOEJSUPI-UHFFFAOYSA-N,C=Cc1cccc(C)c1C,10,bains:Yaws,21.3408,,28.8741,7.5333,False,True,False
exp_00591,cbs_52100,HMNKTRSOROOSPP-UHFFFAOYSA-N,CCc1cccc(O)c1,9,bains:Pedley,-34.9187,,-29.8452,5.0735,False,False,False
exp_00594,cbs_06661,HNBDRPTVWVGKBR-UHFFFAOYSA-N,CCCCC(=O)OC,8,bains:Pedley,-112.6195,,-109.7619,2.8576,True,False,False
exp_00597,cbs_12856,HNFSPSWQNZVCTB-UHFFFAOYSA-N,CC(C)OC(C)(C)C,8,bains:Pedley,-85.4685,,-79.2366,6.2319,False,False,False
exp_00598,cbs_15517,HNHVTXYLRVGMHD-UHFFFAOYSA-N,CCCCN=C=O,7,bains:Yaws,-30.3537,,-39.4510,-9.0972,False,True,False
exp_00605,cbs_44823,HPHHYSWOBXEIRG-UHFFFAOYSA-N,C=C(C)C(CC)CC,8,bains:Pedley,-23.9723,,-15.8299,8.1424,False,False,False
exp_00606,cbs_30377,HPNMFZURTQLUMO-UHFFFAOYSA-N,CCNCC,5,bains:Pedley,-17.3279,,-13.1391,4.1888,True,False,False
exp_00608,cbs_09240,HPXRVTGHNJAIIH-UHFFFAOYSA-N,OC1CCCCC1,7,bains:Pedley,-68.4034,,-63.7045,4.6990,False,False,False
exp_00610,cbs_13576,HQABUPZFAYXKJW-UHFFFAOYSA-N,CCCCN,5,bains:Pedley,-21.9885,,-16.7767,5.2118,False,False,False
exp_00614,cbs_14954,HRPVXLWXLXDGHG-UHFFFAOYSA-N,C=CC(N)=O,5,bains:NIST-1,-31.1185,,-16.2097,14.9089,True,False,False
exp_00619,cbs_13167,HTJDQJBWANPRPF-UHFFFAOYSA-N,NC1CC1,4,bains:Pedley,18.4034,,24.3368,5.9334,False,False,False
exp_00622,cbs_12721,HTWIZMNMTWYQRN-UHFFFAOYSA-N,CC1OCCO1,6,bains:Pedley,-84.1300,,-80.1518,3.9782,False,False,False
exp_00623,cbs_00139,HUMNYLRZRPPJDN-UHFFFAOYSA-N,O=Cc1ccccc1,8,atct,-8.8337,0.1625,-4.9348,3.8989,False,False,False
exp_00624,cbs_05407,HVCFCNAITDHQFX-UHFFFAOYSA-N,CC(=O)C1CC1,6,bains:NIST-1,-27.5574,,-24.4993,3.0581,False,False,False
exp_00628,cbs_12800,HVZJRWJGKQPSFL-UHFFFAOYSA-N,CCC(C)(C)OC,7,nist:gas,-73.2553,0.2629,-67.8638,5.3914,False,False,True
exp_00630,cbs_43671,HWHNFJYQDMSYAF-UHFFFAOYSA-N,Cc1nnnn1C,7,nist:gas,65.2964,0.6931,65.1807,-0.1156,False,False,True
exp_00632,cbs_51897,HXDOZKJGKXYMEW-UHFFFAOYSA-N,CCc1ccc(O)cc1,9,bains:Pedley,-34.4407,,-29.4357,5.0050,False,False,False
exp_00633,cbs_52915,HXGDTGSAIMULJN-UHFFFAOYSA-N,C1=Cc2cccc3cccc1c23,12,bains:Cioslowski,62.1000,,69.9161,7.8161,False,False,False
exp_00636,cbs_09784,HXQPUEQDBSPXTE-UHFFFAOYSA-N,CC(C)CC(O)CC(C)C,10,bains:Yaws,-97.9924,,-90.6501,7.3423,False,True,False
exp_00637,cbs_49659,HXUSUAKIRZZMGP-UHFFFAOYSA-N,CCc1cccc(C(=O)O)c1,11,bains:Pedley,-82.8633,,-79.5625,3.3008,False,False,False
exp_00638,cbs_30422,HXVNBWAKAOHACI-UHFFFAOYSA-N,CC(C)C(=O)C(C)C,8,bains:Pedley,-74.4025,,-68.8541,5.5484,False,False,False
exp_00639,cbs_24747,HYBBIBNJHNGZAN-UHFFFAOYSA-N,O=Cc1ccco1,7,bains:Pedley,-36.0899,,-35.4477,0.6422,True,False,False
exp_00640,cbs_09391,HYFFNAVAMIJUIP-UHFFFAOYSA-N,CCC(CO)CO,7,bains:Yaws,-108.9866,,-102.6901,6.2965,False,True,False
exp_00641,cbs_00090,HYFLWBNQFMXCPA-UHFFFAOYSA-N,CCc1ccccc1C,9,nist:gas,0.2868,0.2868,6.4101,6.1233,False,False,True
exp_00642,cbs_05251,HYTRYEXINDDXJK-UHFFFAOYSA-N,CCC(=O)C(C)C,7,bains:Pedley,-68.3795,,-62.4754,5.9041,False,False,False
exp_00644,cbs_42761,IAEGWXHKWJGQAZ-UHFFFAOYSA-N,Cc1cnc(C)c(C)n1,9,nist:gas,17.7581,0.6453,22.9961,5.2379,False,False,True
exp_00646,cbs_11511,IAHFWCOBPZCAEA-UHFFFAOYSA-N,N#CCCC#N,6,rmg:CCCBDB,50.1099,0.2103,53.4385,3.3286,False,False,False
exp_00648,cbs_00085,IANQTJSKSUMEQM-UHFFFAOYSA-N,c1ccc2occc2c1,9,nist:gas,3.2505,0.1673,7.3275,4.0770,False,False,True
exp_00654,cbs_48875,IBXNCJKFFQIKKY-UHFFFAOYSA-N,C#CCCC,5,bains:NIST-1,34.4885,,39.5982,5.1097,False,False,False
exp_00655,cbs_07424,ICMAFTSLXCXHRK-UHFFFAOYSA-N,CCCCC(=O)OCC,9,bains:Pedley,-121.1520,,-116.6235,4.5285,False,False,False
exp_00656,cbs_27515,ICSNLGPSRYBMBD-UHFFFAOYSA-N,Nc1ccccn1,7,nist:gas,28.2266,0.2629,32.1112,3.8846,False,False,True
exp_00665,cbs_06466,IEJIGPNLZYLLBP-UHFFFAOYSA-N,COC(=O)OC,6,atct,-136.3432,0.0884,-137.2428,-0.8995,False,False,False
exp_00669,cbs_30435,IFLREYGFSNHWGE-UHFFFAOYSA-N,c1ccc2cc3cc4ccccc4cc3cc2c1,18,nist:gas,81.8834,1.4101,84.8647,2.9814,False,False,True
exp_00674,cbs_30460,IGARGHRYKHJQSM-UHFFFAOYSA-N,c1ccc(C2CCCCC2)cc1,12,nist:gas,-3.9914,0.3585,5.4450,9.4364,False,False,True
exp_00680,cbs_17004,IHJUECRFYCQBMW-UHFFFAOYSA-N,CC(C)(O)C#CC(C)(C)O,10,nist:solid+sub,-66.6826,0.3978,-63.9450,2.7376,False,False,True
exp_00685,cbs_30414,IIYFAKIEWZDVMP-UHFFFAOYSA-N,CCCCCCCCCCCCC,13,nist:gas,-74.4503,0.3824,-63.0423,11.4080,False,False,True
exp_00689,cbs_47878,IJFXRHURBJZNAO-UHFFFAOYSA-N,O=C(O)c1cccc(O)c1,10,nist:gas,-112.1176,0.3107,-111.2514,0.8662,False,False,True
exp_00692,cbs_09674,IKECULIHBUCAKR-UHFFFAOYSA-N,CC(C)C(C)(C)O,7,nist:gas,-85.3250,0.1410,-79.6394,5.6856,True,False,True
exp_00694,cbs_26660,IKHGUXGNUITLKF-UHFFFAOYSA-N,CC=O,3,atct,-39.5315,0.0526,-38.3549,1.1766,True,False,False
exp_00697,cbs_48850,ILLHQJIJCRNRCJ-UHFFFAOYSA-N,C#CCCCCCCCC,10,nist:gas,10.0143,0.8126,18.8442,8.8299,False,False,True
exp_00698,cbs_50570,ILNDSSCEZZFNGE-UHFFFAOYSA-N,CC(C)(C)c1cccc(C(C)(C)C)c1,14,nist:liquid+vap,-30.5449,0.3779,-20.9793,9.5656,False,False,True
exp_00699,cbs_49814,ILUJQPXNXACGAN-UHFFFAOYSA-N,COc1ccccc1C(=O)O,11,bains:Pedley,-103.6807,,-102.9952,0.6855,False,False,False
exp_00707,cbs_15192,IMROMDMJAWUWLK-UHFFFAOYSA-N,C=CO,3,atct,-29.5483,0.0884,-27.8524,1.6959,False,False,False
exp_00708,cbs_45425,IMUDHTPIFIBORV-UHFFFAOYSA-N,NCCN1CCNCC1,9,bains:Yaws,5.9990,,17.5743,11.5753,False,True,False
exp_00715,cbs_46952,IOGXOCVLYRDXLW-UHFFFAOYSA-N,CC(C)(C)ON=O,7,nist:gas,-41.1090,1.0038,-36.1014,5.0076,False,False,True
exp_00717,cbs_14829,IOQPZZOEVPZRBK-UHFFFAOYSA-N,CCCCCCCCN,9,nist:gas,-41.4675,0.3107,-33.4482,8.0193,False,False,True
exp_00719,cbs_31948,IPBVNPXQWQGGJP-UHFFFAOYSA-N,CC(=O)Oc1ccccc1,10,bains:Pedley,-66.8499,,-60.8662,5.9837,False,False,False
exp_00720,cbs_30317,IPCSVZSSVZVIGE-UHFFFAOYSA-N,CCCCCCCCCCCCCCCC(=O)O,18,nist:gas,-174.4742,1.3145,-159.4334,15.0408,False,False,True
exp_00723,cbs_01811,IPWFJLQDVFKJDU-UHFFFAOYSA-N,CCCCC(N)=O,7,bains:Pedley,-69.3595,,-66.3287,3.0307,False,False,False
exp_00727,cbs_15154,ISBHMJZRKAFTGE-ONEGZZNKSA-N,CC/C=C/C#N,6,bains:Pedley,28.6329,,35.6938,7.0609,False,False,False
exp_00729,cbs_52134,ISWSIDIOOBJBQZ-UHFFFAOYSA-N,Oc1ccccc1,7,atct,-22.2132,0.1482,-18.2457,3.9675,False,False,False
exp_00730,cbs_44909,ISZWTVCVSJVEOL-UHFFFAOYSA-N,C=C(C)CCC(C)C,8,bains:Yaws,-25.2629,,-17.1527,8.1102,False,True,False
exp_00731,cbs_42507,ITQTTZVARXURQS-UHFFFAOYSA-N,Cc1cccnc1,7,bains:Pedley,25.4302,,29.4972,4.0670,True,False,False
exp_00737,cbs_44968,IUNMPGNGSSIWFP-UHFFFAOYSA-N,CN(C)CCCN,7,nist:gas,-8.2935,0.9560,-1.2844,7.0091,False,False,True
exp_00740,cbs_09555,IVDFJHOHABJVEH-UHFFFAOYSA-N,CC(C)(O)C(C)(C)O,8,nist:gas,-129.1587,2.2467,-125.3335,3.8252,True,False,True
exp_00741,cbs_00062,IVHPMIPYSOTYNM-UHFFFAOYSA-N,Cc1cocc1C,7,bains:Yaws,-23.3987,,-20.1773,3.2213,False,True,False
exp_00742,cbs_50561,IVSZLXZYQVIEFR-UHFFFAOYSA-N,Cc1cccc(C)c1,8,rmg:CCCBDB,4.1109,0.1793,10.2019,6.0910,False,False,False
exp_00745,cbs_51986,IWDCLRJOBJJRNH-UHFFFAOYSA-N,Cc1ccc(O)cc1,8,bains:Pedley,-29.9713,,-25.1157,4.8556,True,False,False
exp_00748,cbs_46690,IWYYIZOHWPCALJ-UHFFFAOYSA-N,Cc1cc[n+]([O-])cc1,8,nist:solid+sub,21.9885,0.3779,24.3731,2.3846,False,False,True
exp_00750,cbs_51961,IXQGCWUGDFDQMF-UHFFFAOYSA-N,CCc1ccccc1O,9,bains:Pedley,-34.7036,,-30.3617,4.3419,False,False,False
exp_00754,cbs_44086,IYPXPGSELZFFMI-UHFFFAOYSA-N,c1ccc(-n2cnnn2)cc1,11,nist:gas,107.0746,0.7170,109.8552,2.7806,False,False,True
exp_00758,cbs_07548,JAELLLITIZHOGQ-UHFFFAOYSA-N,CCC(=O)OC(C)(C)C,9,bains:Yaws,-124.6893,,-123.8396,0.8497,False,True,False
exp_00764,cbs_30485,JBKVHLHDHHXQEQ-UHFFFAOYSA-N,O=C1CCCCCN1,8,bains:Pedley,-58.8432,,-52.7622,6.0810,True,False,False
exp_00765,cbs_07219,JCCIFDCPHCKATH-UHFFFAOYSA-N,CCC(C)(C)OC(C)=O,9,nist:gas,-128.8241,0.3585,-122.3493,6.4748,False,False,True
exp_00767,cbs_37205,JDSHMPZPIAZGSV-UHFFFAOYSA-N,Nc1nc(N)nc(N)n1,9,bains:Pedley,12.3805,,16.8653,4.4848,False,False,False
exp_00772,cbs_02130,JFCQEDHGNNZCLN-UHFFFAOYSA-N,O=C(O)CCCC(=O)O,9,nist:solid+sub,-200.9321,0.3891,-200.1392,0.7930,False,False,True
exp_00779,cbs_30381,JHIVVAPYMSGYDF-UHFFFAOYSA-N,O=C1CCCCC1,7,rmg:CCCBDB,-55.2342,0.2103,-49.3972,5.8371,True,False,False
exp_00782,cbs_06946,JIGUQPWFLRLWPJ-UHFFFAOYSA-N,C=CC(=O)OCC,7,bains:Yaws,-83.5397,,-78.1881,5.3516,True,True,False
exp_00784,cbs_25613,JIKUXBYRTXDNIY-UHFFFAOYSA-N,CN(C=O)c1ccccc1,10,nist:liquid+vap,-18.0688,1.9832,-11.7124,6.3565,False,False,True
exp_00788,cbs_44861,JIUFYGIESXPUPL-UHFFFAOYSA-N,C=CCCC(C)C,7,bains:Pedley,-15.7027,,-9.4427,6.2600,False,False,False
exp_00790,cbs_13710,JJMDCOVWQOJGCB-UHFFFAOYSA-N,NCCCCC(=O)O,8,nist:gas,-109.9904,0.7170,-106.3127,3.6777,False,False,True
exp_00795,cbs_46573,JKJSZGJVBAWEFB-UHFFFAOYSA-N,Cc1nonc1C,7,bains:Pedley,25.6453,,28.5283,2.8830,False,False,False
exp_00803,cbs_06532,JMMWKPVZQRWMSS-UHFFFAOYSA-N,CC(=O)OC(C)C,7,bains:Pedley,-115.1291,,-110.1942,4.9348,True,False,False
exp_00804,cbs_44651,JMMZCWZIJXAGKW-UHFFFAOYSA-N,CCC=C(C)C,6,bains:Pedley,-15.9895,,-7.7749,8.2146,False,False,False
exp_00805,cbs_23904,JNTOKFNBDFMTIV-UHFFFAOYSA-N,CCCO[N+](=O)[O-],7,bains:Pedley,-41.5631,,-42.2815,-0.7184,False,False,False
exp_00814,cbs_46524,JQJPBYFTQAANLE-UHFFFAOYSA-N,CCCCON=O,7,nist:gas,-34.8948,1.0038,-30.2001,4.6947,False,False,True
exp_00817,cbs_00092,JRLPEMVDPFPYPJ-UHFFFAOYSA-N,CCc1ccc(C)cc1,9,nist:gas,-0.7887,0.3585,5.8359,6.6246,False,False,True
exp_00822,cbs_42337,JSDBKAHWADVXFU-UHFFFAOYSA-N,Cn1ccc(=O)n(C)c1=O,10,nist:gas,-74.9522,0.3585,-74.0937,0.8585,False,False,True
exp_00825,cbs_23892,JSZOAYXJRCEYSX-UHFFFAOYSA-N,CCC[N+](=O)[O-],6,bains:Pedley,-29.5889,,-29.2919,0.2970,False,False,False
exp_00827,cbs_50862,JTIAYWZZZOZUTK-UHFFFAOYSA-N,Cc1cccc(C(C)(C)C)c1,11,nist:gas,-12.9063,0.4780,-5.2945,7.6118,False,False,True
exp_00830,cbs_06656,JTXMVXSTHSMVQF-UHFFFAOYSA-N,CC(=O)OCCOC(C)=O,10,bains:Yaws,-192.8776,,-190.6243,2.2533,False,True,False
exp_00831,cbs_30367,JUJWROOIHBZHMG-UHFFFAOYSA-N,c1ccncc1,6,atct,33.5875,0.0956,37.1530,3.5655,True,False,False
exp_00833,cbs_48872,JUWXVJKQNKKRLD-UHFFFAOYSA-N,CCC#CCCCCCC,10,nist:gas,5.2103,0.7887,14.9067,9.6963,False,False,True
exp_00834,cbs_49362,JVSWJIKNEAIKJW-UHFFFAOYSA-N,CCCCCC(C)C,8,bains:Pedley,-51.4818,,-43.7087,7.7732,False,False,False
exp_00837,cbs_48885,JWBQJUFCNOLNNC-UHFFFAOYSA-N,CCCCC#CCCCC,10,nist:gas,4.4694,0.7887,15.5949,11.1255,False,False,True
exp_00838,cbs_10187,JWUXJYZVKZKLTJ-UHFFFAOYSA-N,CC1(C)CC(=O)CC(C)(C)N1,11,bains:Pedley,-65.3442,,-60.7105,4.6337,False,False,False
exp_00841,cbs_28456,JXDYKVIHCLTXOP-UHFFFAOYSA-N,O=C1Nc2ccccc2C1=O,11,nist:solid+sub,-35.7075,1.5201,-29.1484,6.5590,False,False,True
exp_00857,cbs_09824,KBCNUEXDHWDIFX-UHFFFAOYSA-N,CCCCCCC(C)(C)O,10,bains:Yaws,-93.2290,,-91.9904,1.2385,False,True,False
exp_00862,cbs_48863,KDKYADYSIPSCCQ-UHFFFAOYSA-N,C#CCC,4,atct,39.8733,0.1338,43.8941,4.0207,False,False,False
exp_00864,cbs_13669,KDSNLYIMUZNERS-UHFFFAOYSA-N,CC(C)CN,5,rmg:CCCBDB,-23.5707,0.1291,-18.6970,4.8738,True,False,False
exp_00866,cbs_13889,KDXKERNSBIXSRK-YFKPBYRVSA-N,NCCCC[C@H](N)C(=O)O,10,bains:Yaws,-110.1816,,-103.6308,6.5509,False,True,False
exp_00867,cbs_01866,KDYFGRWQOYBRFD-UHFFFAOYSA-N,O=C(O)CCC(=O)O,8,atct,-196.7734,0.6453,-195.3426,1.4308,True,False,False
exp_00873,cbs_12986,KFRVYYGHSPLXSZ-UHFFFAOYSA-N,CCOC(C)(C)CC,8,nist:liquid+vap,-81.6444,0.3380,-75.1318,6.5125,False,False,True
exp_00874,cbs_09038,KFZMGEQAYNKOFK-UHFFFAOYSA-N,CC(C)O,4,atct,-65.1793,0.0621,-62.2931,2.8861,False,False,False
exp_00880,cbs_22211,KIPMDPDAFINLIV-UHFFFAOYSA-N,O=[N+]([O-])CCO,6,bains:Winget,-69.5746,,-61.9953,7.5793,True,False,False
exp_00882,cbs_30416,KJIOQYGWTQBHNH-UHFFFAOYSA-N,CCCCCCCCCCCO,12,nist:liquid+vap,-100.1673,0.5371,-90.6837,9.4836,False,False,True
exp_00887,cbs_44699,KLCNJIQZXOQYTE-UHFFFAOYSA-N,C=CCC(C)(C)C,7,bains:Pedley,-19.5029,,-12.8954,6.6074,False,False,False
exp_00888,cbs_12697,KLKFAASOGCDTDT-UHFFFAOYSA-N,CCOCOCC,7,bains:Pedley,-99.1396,,-95.9290,3.2106,False,False,False
exp_00889,cbs_52648,KLYCPFXDDDMZNQ-UHFFFAOYSA-N,c1ccccc#1,6,atct,109.7729,0.2032,114.3673,4.5943,False,False,False
exp_00890,cbs_48866,KLYHSJRCIZOUHE-UHFFFAOYSA-N,CCC#CCCC,7,nist:gas,19.7897,0.5736,27.3889,7.5992,False,False,True
exp_00892,cbs_30471,KMTRUDSVKNLOMY-UHFFFAOYSA-N,O=C1OCCO1,6,atct,-121.9527,0.2032,-122.3716,-0.4189,True,False,False
exp_00899,cbs_13940,KPNJYXKRHWAPHP-UHFFFAOYSA-N,CCCC(C)(C)N,7,bains:Yaws,-37.5478,,-31.7150,5.8328,False,True,False
exp_00900,cbs_09389,KPSSIOMAKSHJJG-UHFFFAOYSA-N,CC(C)(C)CO,6,bains:Yaws,-76.2596,,-71.7288,4.5308,False,True,False
exp_00901,cbs_48903,KQIIKSQUHGGYCU-UHFFFAOYSA-N,C#CC(C)(C)CC,7,bains:Yaws,19.9092,,27.2040,7.2948,False,True,False
exp_00903,cbs_15552,KQWGXHWJMSMDJJ-UHFFFAOYSA-N,O=C=NC1CCCCC1,9,bains:Yaws,-33.4608,,-40.6098,-7.1490,False,True,False
exp_00906,cbs_09204,KTHXBEHDVMTNOH-UHFFFAOYSA-N,OC1CCC1,5,bains:NIST-1,-34.6558,,-30.8509,3.8049,False,False,False
exp_00907,cbs_51666,KUFFULVDNCHOFZ-UHFFFAOYSA-N,Cc1ccc(O)c(C)c1,9,bains:Pedley,-38.9340,,-33.3934,5.5406,False,False,False
exp_00911,cbs_50756,KVNYFPKFSJIPBJ-UHFFFAOYSA-N,CCc1ccccc1CC,10,bains:Yaws,-3.7596,,2.3880,6.1475,False,True,False
exp_00913,cbs_48880,KVUNBQMRRNMQIZ-UHFFFAOYSA-N,CCCC#CCCCCC,10,nist:gas,4.7562,0.7170,15.3339,10.5777,False,False,True
exp_00918,cbs_00101,KWOLFJPFCHCOCG-UHFFFAOYSA-N,CC(=O)c1ccccc1,9,atct,-20.0550,0.2342,-15.2873,4.7677,False,False,False
exp_00921,cbs_06460,KXKVLQRXCPHEJC-UHFFFAOYSA-N,COC(C)=O,5,atct,-98.7094,0.1338,-97.6113,1.0980,False,False,False
exp_00923,cbs_00116,KXUHSQYYJYAXGZ-UHFFFAOYSA-N,CC(C)Cc1ccccc1,10,nist:gas,-5.1386,0.3346,2.3372,7.4758,False,False,True
exp_00926,cbs_30324,KYQCOXFCLRTKLS-UHFFFAOYSA-N,c1cnccn1,6,bains:Cioslowski,46.9000,,51.1122,4.2122,True,False,False
exp_00928,cbs_44898,KZJIOVQKSAOPOP-UHFFFAOYSA-N,C=CCCC(C)(C)C,8,bains:Yaws,-24.0918,,-16.2912,7.8006,False,True,False
exp_00932,cbs_13279,KZZKOVLJUKWSKX-UHFFFAOYSA-N,NC1CCC1,5,rmg:CCCBDB,9.7992,0.1004,15.1522,5.3530,False,False,False
exp_00933,cbs_44895,LAAVYEUJEMRIGF-UHFFFAOYSA-N,CC(C)=CC(C)(C)C,8,bains:Pedley,-25.0717,,-18.3466,6.7251,False,False,False
exp_00941,cbs_12447,LCGLNKUTAGEVQW-UHFFFAOYSA-N,COC,3,atct,-43.9532,0.0837,-43.0463,0.9068,False,False,False
exp_00945,cbs_44904,LDLDYFCCDKENPD-UHFFFAOYSA-N,C=CC1CCCCC1,8,bains:Pedley,-11.6874,,-3.2737,8.4137,False,False,False
exp_00948,cbs_31496,LELOWRISYMNNSU-UHFFFAOYSA-N,C#N,2,atct,30.9042,0.0208,32.2542,1.3501,True,False,False
exp_00949,cbs_26705,LEQAOMBKQFMDFZ-UHFFFAOYSA-N,O=CC=O,4,atct,-51.0038,0.1315,-51.2669,-0.2630,False,False,False
exp_00953,cbs_09019,LFQSCWFLJHTTHZ-UHFFFAOYSA-N,CCO,3,atct,-56.1424,0.0478,-54.1179,2.0246,False,False,False
exp_00955,cbs_44882,LGAQJENWWYGFSN-SNAWJCMRSA-N,C/C=C/C(C)C,6,bains:Pedley,-14.6989,,-8.1638,6.5351,False,False,False
exp_00958,cbs_19008,LHIJANUOQQMGNT-UHFFFAOYSA-N,NCCNCCO,7,bains:Yaws,-45.6501,,-38.4977,7.1524,False,True,False
exp_00961,cbs_44868,LIKMAJRDDDTEIG-UHFFFAOYSA-N,C=CCCCC,6,bains:Pedley,-10.3967,,-3.8810,6.5158,False,False,False
exp_00965,cbs_22773,LIWAQLJGPBVORC-UHFFFAOYSA-N,CCNC,4,atct,-10.8987,0.2629,-5.8847,5.0140,False,False,False
exp_00979,cbs_06078,LOMVENUNSWAXEN-UHFFFAOYSA-N,COC(=O)C(=O)OC,8,bains:Pedley,-169.4312,,-164.7695,4.6617,True,False,False
exp_00983,cbs_49811,LPNBBFKOUUSUDB-UHFFFAOYSA-N,Cc1ccc(C(=O)O)cc1,10,nist:gas,-78.9675,0.3585,-75.5421,3.4253,False,False,True
exp_00985,cbs_47705,LPYUENQFPVNPHY-UHFFFAOYSA-N,COc1cccc(O)c1O,10,nist:gas,-100.0239,0.3346,-101.1633,-1.1394,False,False,True
exp_00987,cbs_30501,LQERIDTXQFOHKA-UHFFFAOYSA-N,CCCCCCCCCCCCCCCCCCC,19,nist:gas,-103.9914,0.6931,-85.5280,18.4634,False,False,True
exp_00990,cbs_06368,LRBPFPZTIZSOGG-UHFFFAOYSA-N,COC(=O)C(C)C(=O)OC,10,nist:gas,-183.6902,0.2103,-184.9928,-1.3025,False,False,True
exp_00991,cbs_30473,LRDFRRGEGBBSRN-UHFFFAOYSA-N,CC(C)C#N,5,bains:Pedley,5.5688,,10.6527,5.0838,False,False,False
exp_00992,cbs_09129,LRHPLDYGYMQRHN-UHFFFAOYSA-N,CCCCO,5,atct,-65.6668,0.0574,-60.3137,5.3531,True,False,False
exp_00999,cbs_15947,LSXWFXONGKSEMY-UHFFFAOYSA-N,CC(C)(C)OOC(C)(C)C,10,bains:Pedley,-83.4369,,-77.7340,5.7029,True,False,False
exp_01000,cbs_04147,LTHCSWBWNVGEFE-UHFFFAOYSA-N,CCCCCCCC(N)=O,10,bains:Pedley,-86.6874,,-78.9971,7.6903,False,False,False
exp_01002,cbs_26917,LTNUSYNQZJZUSY-UHFFFAOYSA-N,CC(C)(C)CC=O,7,bains:Yaws,-60.8748,,-58.4969,2.3779,False,True,False
exp_01008,cbs_15436,LVMTVPFRTKXRPH-UHFFFAOYSA-N,C=C=CCC,5,bains:Pedley,33.6281,,38.5628,4.9346,False,False,False
exp_01010,cbs_52537,LVRLCNCYLXWRNI-UHFFFAOYSA-N,C=C1C=CCC=C1,7,nist:gas_ion,35.8509,2.3901,46.7284,10.8776,False,True,True
exp_01014,cbs_37111,LXBGSDVWAMZHDD-UHFFFAOYSA-N,Cc1ncc[nH]1,6,bains:NIST-1,21.4627,,24.3060,2.8433,False,False,False
exp_01018,cbs_48873,LXKRETAGISZJAD-UHFFFAOYSA-N,CC#CCCCCCC,9,nist:gas,10.4207,0.7170,19.0914,8.6707,False,False,True
exp_01019,cbs_44680,LXQPBCHJNIOMQU-UHFFFAOYSA-N,C=C(C)CC(C)C,7,bains:Pedley,-20.0287,,-13.7621,6.2666,False,False,False
exp_01020,cbs_08982,LYCAIKOWRPUZTN-UHFFFAOYSA-N,OCCO,4,atct,-93.0402,0.0956,-91.6774,1.3628,True,False,False
exp_01021,cbs_24671,LYGJENNIWJXYER-UHFFFAOYSA-N,C[N+](=O)[O-],4,atct,-17.7988,0.0956,-18.6361,-0.8373,True,False,False
exp_01024,cbs_12970,LZDKZFUFMNSQCJ-UHFFFAOYSA-N,CCOCCOCC,8,bains:Pedley,-97.5621,,-91.3090,6.2532,False,False,False
exp_01028,cbs_43921,MARUHZGHZWCEQU-UHFFFAOYSA-N,c1ccc(-c2nn[nH]n2)cc1,11,nist:gas,98.7094,1.4101,100.9878,2.2785,False,False,True
exp_01033,cbs_30445,MCSAJNNLRCFZED-UHFFFAOYSA-N,CC[N+](=O)[O-],5,atct,-24.5578,0.1482,-24.7718,-0.2140,True,False,False
exp_01037,cbs_47758,MDYOLVRUBBJPFM-UHFFFAOYSA-N,O=c1cccccc1O,9,bains:Pedley,-37.1415,,-33.7000,3.4415,False,False,False
exp_01040,cbs_48864,MELUCTCJOARQQG-UHFFFAOYSA-N,CC#CCCC,6,bains:NIST-1,25.7409,,30.9373,5.1964,False,False,False
exp_01045,cbs_15122,MGJKQDOBUOMPEZ-UHFFFAOYSA-N,CN=C(O)NC,6,nist:gas,-52.9637,0.3824,-51.7023,1.2614,False,False,True
exp_01049,cbs_14227,MGWAGIQQTULHGU-UHFFFAOYSA-N,CCC(CC)CN,7,bains:Yaws,-32.4331,,-25.3305,7.1026,False,True,False
exp_01065,cbs_03334,MNWFXJYAOYHMED-UHFFFAOYSA-N,CCCCCCC(=O)O,9,bains:Pedley,-128.1549,,-123.4355,4.7193,False,False,False
exp_01075,cbs_09187,MSXVEPNJUHWQHW-UHFFFAOYSA-N,CCC(C)(C)O,6,bains:Pedley,-79.0631,,-74.7607,4.3024,False,False,False
exp_01076,cbs_11312,MTHSVFCYNBDYFN-UHFFFAOYSA-N,OCCOCCO,7,bains:Pedley,-136.5201,,-125.8743,10.6458,False,False,False
exp_01085,cbs_48606,MWOODERJGVWYJE-UHFFFAOYSA-N,CN(N)c1ccccc1,9,nist:gas,50.3824,0.4063,58.3274,7.9450,False,False,True
exp_01086,cbs_52802,MWPLVEDNUUSJAV-UHFFFAOYSA-N,c1ccc2cc3ccccc3cc2c1,14,atct,54.1754,0.2103,62.5849,8.4094,True,False,False
exp_01087,cbs_00319,MWWATHDPGQKSAR-UHFFFAOYSA-N,C#CC,3,atct,44.3499,0.0478,47.3781,3.0282,False,False,False
exp_01091,cbs_24422,NALZTFARIYUCBY-UHFFFAOYSA-N,CCCC[N+](=O)[O-],7,bains:Pedley,-34.3929,,-33.5688,0.8241,False,False,False
exp_01096,cbs_26669,NBBJYMSMWIIQGU-UHFFFAOYSA-N,CCC=O,4,atct,-44.5770,0.0478,-41.3693,3.2077,True,False,False
exp_01099,cbs_30393,NDJKXXJCMXVBJW-UHFFFAOYSA-N,CCCCCCCCCCCCCCCCC,17,nist:gas,-94.1444,0.5736,-78.1205,16.0238,False,False,True
exp_01101,cbs_09602,NDVWOBYBJYUSMF-RNFRBKRXSA-N,C[C@@H]1CCCC[C@H]1O,8,bains:Cox-1,-84.3000,,-70.2851,14.0149,False,False,False
exp_01111,cbs_44674,NHIDGVQVYHCGEK-UHFFFAOYSA-N,C=CCC1CCCC1,8,bains:Pedley,-5.7600,,2.7274,8.4875,False,False,False
exp_01112,cbs_43631,NHOGGUYTANYCGQ-UHFFFAOYSA-N,C=COc1ccccc1,9,bains:Pedley,5.4254,,9.5826,4.1572,False,False,False
exp_01114,cbs_30357,NIHNNTQXNPWCJQ-UHFFFAOYSA-N,c1ccc2c(c1)Cc1ccccc1-2,13,nist:gas,41.8260,0.3585,52.1031,10.2771,False,False,True
exp_01115,cbs_13773,NISGSNTVMOOSJQ-UHFFFAOYSA-N,NC1CCCC1,6,rmg:CCCBDB,-13.1119,0.2199,-6.2629,6.8489,False,False,False
exp_01120,cbs_12465,NKDDWNXOKDWJAK-UHFFFAOYSA-N,COCOC,5,rmg:CCCBDB,-83.2218,0.1888,-83.8143,-0.5925,False,False,False
exp_01121,cbs_15025,NKKMVIVFRUYPLQ-NSCUHMNNSA-N,C/C=C/C#N,5,bains:Pedley,33.6281,,39.5221,5.8939,False,False,False
exp_01124,cbs_48852,NKTDTMONXHODTI-UHFFFAOYSA-N,CC#CCC,5,bains:NIST-1,30.8078,,35.2542,4.4464,False,False,False
exp_01125,cbs_51595,NKTOLZVEWDHZMU-UHFFFAOYSA-N,Cc1ccc(C)c(O)c1,9,bains:Pedley,-38.6233,,-33.5984,5.0249,False,False,False
exp_01129,cbs_47232,NLRKCXQQSUWLCH-UHFFFAOYSA-N,O=Nc1ccccc1,8,atct,47.8011,0.2868,50.7015,2.9003,False,False,False
exp_01130,cbs_06321,NMJJFJNHVMGPGM-UHFFFAOYSA-N,CCCCOC=O,7,bains:Yaws,-102.0793,,-101.2731,0.8063,False,True,False
exp_01139,cbs_30398,NOWKCMXCCJGMRR-UHFFFAOYSA-N,C1CN1,3,atct,30.3657,0.2032,33.3222,2.9565,False,False,False
exp_01148,cbs_01711,NQPDZGIKBAWPEJ-UHFFFAOYSA-N,CCCCC(=O)O,7,bains:Pedley,-117.5669,,-114.4001,3.1668,True,False,False
exp_01151,cbs_00124,NRNFFDZCBYOZJY-UHFFFAOYSA-N,C=c1ccc(=C)cc1,8,nist:gas_ion,50.1912,4.7801,60.2177,10.0265,False,True,True
exp_01154,cbs_30475,NTIZESTWPVYFNL-UHFFFAOYSA-N,CC(=O)CC(C)C,7,nist:gas,-69.5985,0.3346,-64.1235,5.4750,False,False,True
exp_01155,cbs_42930,NTSLROIKFLNUIJ-UHFFFAOYSA-N,CCc1ccc(C)nc1,9,nist:gas,8.3413,0.4780,16.2955,7.9542,False,False,True
exp_01156,cbs_26714,NUJGJRNETVAIRJ-UHFFFAOYSA-N,CCCCCCCC=O,9,nist:gas,-69.7658,0.6692,-62.7614,7.0044,False,False,True
exp_01157,cbs_27501,NUKYPUAOHBNCPY-UHFFFAOYSA-N,N=c1cc[nH]cc1,7,nist:gas,31.0468,0.3346,35.7150,4.6682,False,False,True
exp_01158,cbs_07560,NUKZAGXMHTUAFE-UHFFFAOYSA-N,CCCCCC(=O)OC,9,bains:Pedley,-117.7342,,-114.4435,3.2907,False,False,False
exp_01159,cbs_12693,NUMQCACRALPSHD-UHFFFAOYSA-N,CCOC(C)(C)C,7,nist:gas,-75.0478,0.4780,-72.0769,2.9709,False,False,True
exp_01161,cbs_12747,NVJUHMXYKCUMQA-UHFFFAOYSA-N,CCCOCC,6,bains:Pedley,-65.0574,,-58.8587,6.1987,False,False,False
exp_01167,cbs_47888,NXXYKOUNUYWIHA-UHFFFAOYSA-N,Cc1cccc(C)c1O,9,bains:Pedley,-38.6711,,-33.9696,4.7015,False,False,False
exp_01170,cbs_30443,NYTOUQBROMCLBJ-UHFFFAOYSA-N,O=[N+]([O-])C([N+](=O)[O-])([N+](=O)[O-])[N+](=O)[O-],13,bains:Cioslowski,19.7000,,12.6383,-7.0617,True,False,False
exp_01182,cbs_06649,OBNCKNCVKJNDBV-UHFFFAOYSA-N,CCCC(=O)OCC,8,nist:gas,-115.9178,0.2390,-112.8078,3.1100,False,False,True
exp_01187,cbs_00145,OCKPCBLVNKHBMX-UHFFFAOYSA-N,CCCCc1ccccc1,10,nist:gas,-3.2983,0.3107,4.4837,7.7820,False,False,True
exp_01190,cbs_00318,ODLMAHJVESYWTB-UHFFFAOYSA-N,CCCc1ccccc1,9,rmg:CCCBDB,1.8690,0.2008,8.7695,6.9005,False,False,False
exp_01193,cbs_09598,OEIJHBUUFURJLI-UHFFFAOYSA-N,OCCCCCCCCO,10,nist:gas,-116.4675,1.1711,-114.6240,1.8434,True,False,True
exp_01194,cbs_50593,OEVVKKAVYQFQNV-UHFFFAOYSA-N,C=Cc1ccc(C)cc1C,10,bains:Yaws,21.3408,,27.5976,6.2568,False,True,False
exp_01211,cbs_06484,OIFBSDVPJOWBCH-UHFFFAOYSA-N,CCOC(=O)OCC,8,bains:Pedley,-152.4618,,-151.3714,1.0903,False,False,False
exp_01212,cbs_47770,OIPPWFOQEKKFEE-UHFFFAOYSA-N,Cc1cc(O)cc(O)c1,9,bains:Yaws,-73.1119,,-68.7626,4.3493,False,True,False
exp_01213,cbs_30459,OISVCGZHLKNMSJ-UHFFFAOYSA-N,Cc1cccc(C)n1,8,bains:Pedley,14.0296,,18.7253,4.6957,False,False,False
exp_01222,cbs_08219,OKJADYKTJJGKDX-UHFFFAOYSA-N,CCCCOC(=O)CCCC,11,bains:Pedley,-133.8910,,-125.5566,8.3344,False,False,False
exp_01223,cbs_09698,OKKJLVBELUTLKV-UHFFFAOYSA-N,CO,2,atct,-48.0043,0.0335,-47.2683,0.7360,False,False,False
exp_01226,cbs_30464,OKVWYBALHQFVFP-UHFFFAOYSA-N,CCC(C)(C)C(C)C,8,bains:Pedley,-51.6969,,-45.1160,6.5809,False,False,False
exp_01229,cbs_36882,OMAFFHIGWTVZOH-UHFFFAOYSA-N,Cn1cnnn1,6,bains:NIST-1,77.1750,,76.1031,-1.0719,False,False,False
exp_01230,cbs_30407,OMMLUKLXGSRPHK-UHFFFAOYSA-N,CC(C)(C)C(C)(C)C,8,bains:Pedley,-53.9197,,-46.6124,7.3073,False,False,False
exp_01241,cbs_13227,OPCJOXGBLDJWRM-UHFFFAOYSA-N,CC(C)(N)CN,6,rmg:CCCBDB,-21.5703,0.1697,-16.4871,5.0832,False,False,False
exp_01242,cbs_26876,OPTASPLRGRRNAP-UHFFFAOYSA-N,N=c1ccnc(O)[nH]1,8,nist:gas,-14.1013,2.3901,-14.4715,-0.3702,True,False,True
exp_01243,cbs_49813,OPVAJFQBSDUNQA-UHFFFAOYSA-N,Cc1ccc(C(=O)O)cc1C,11,nist:gas,-86.6157,0.4063,-82.9488,3.6669,False,False,True
exp_01244,cbs_07105,OQAGVSWESNCJJT-UHFFFAOYSA-N,COC(=O)CC(C)C,8,bains:Pedley,-119.0010,,-111.7262,7.2748,False,False,False
exp_01249,cbs_00932,ORSUTASIQKBEFU-UHFFFAOYSA-N,CCCCN(CC)CC,9,bains:Yaws,-33.6807,,-22.9548,10.7259,False,True,False
exp_01250,cbs_16872,ORTVZLZNOYNASJ-OWOJBTEDSA-N,OC/C=C/CO,6,bains:Yaws,-71.7017,,-70.3347,1.3670,False,True,False
exp_01251,cbs_52542,OSBSXTGABLIDRX-UHFFFAOYSA-N,C=C1C=CC=CC1,7,nist:gas_ion,35.8509,2.3901,50.6492,14.7983,False,True,True
exp_01253,cbs_51490,OSIGJGFTADMDOB-UHFFFAOYSA-N,COc1cccc(C)c1,9,bains:Pedley,-24.8805,,-20.1094,4.7711,False,False,False
exp_01256,cbs_48883,OSSQSXOTMIGBCF-UHFFFAOYSA-N,C#CCCCCCCC,9,nist:gas,14.8901,0.7170,22.9969,8.1068,False,False,True
exp_01258,cbs_31776,OTGAHJPFNKQGAE-UHFFFAOYSA-N,CC(=O)Oc1cccc(C)c1,11,bains:Cox-1,-74.9000,,-68.6281,6.2719,False,False,False
exp_01262,cbs_44696,OTTZHAVKAVGASB-HWKANZROSA-N,C/C=C/CCCC,7,nist:gas,-17.4713,0.1673,-10.6262,6.8451,False,False,True
exp_01267,cbs_05667,OVCHQRXVZXVQNQ-UHFFFAOYSA-N,CC(C)C(=O)C(C)(C)C,9,bains:Pedley,-80.8556,,-75.2487,5.6070,False,False,False
exp_01268,cbs_15394,OVGRCEFMXPHEBL-UHFFFAOYSA-N,C=COCCC,6,bains:Pedley,-38.6233,,-33.2136,5.4097,False,False,False
exp_01270,cbs_25699,OVWYEQOVUDKZNU-UHFFFAOYSA-N,Cc1cccc(C=O)c1,9,atct,-17.0411,0.2868,-12.7210,4.3201,False,False,False
exp_01276,cbs_50835,OWRKXOZFTROHSH-UHFFFAOYSA-N,C=Cc1c(C)cccc1C,10,bains:Yaws,21.3408,,30.0352,8.6944,False,True,False
exp_01277,cbs_44632,OWWIWYDDISJUMY-UHFFFAOYSA-N,C=C(C)C(C)C,6,bains:Pedley,-14.9618,,-8.4286,6.5332,False,False,False
exp_01281,cbs_02492,OXQGTIUCKGYOAA-UHFFFAOYSA-N,CCC(CC)C(=O)O,8,bains:Yaws,-123.5660,,-120.7955,2.7705,False,True,False
exp_01282,cbs_00985,OXQMIXBVXHWDPX-UHFFFAOYSA-N,CN(C)C(C)(C)C,7,bains:Yaws,-25.2151,,-18.7064,6.5087,False,True,False
exp_01288,cbs_15038,PAKGDPSCXSUALC-UHFFFAOYSA-N,C=C=C(C)C,5,bains:NIST-1,30.8485,,35.3562,4.5077,False,False,False
exp_01290,cbs_42820,PAPNRQCYSFBWDI-UHFFFAOYSA-N,Cc1ccc(C)[nH]1,7,bains:Pedley,9.5124,,13.8645,4.3521,False,False,False
exp_01291,cbs_30616,PAYRUJLWNCNPSJ-UHFFFAOYSA-N,Nc1ccccc1,7,atct,20.7505,0.1721,25.8437,5.0932,False,False,False
exp_01298,cbs_09116,PEDCQBHIVMGVHV-UHFFFAOYSA-N,OCC(O)CO,6,bains:Pedley,-139.2686,,-139.0738,0.1949,True,False,False
exp_01300,cbs_05346,PFCHFHIRKBAQGU-UHFFFAOYSA-N,CCCC(=O)CC,7,bains:Pedley,-66.5153,,-62.5111,4.0042,False,False,False
exp_01305,cbs_51779,PGSWEKYNAOWQDF-UHFFFAOYSA-N,Cc1cccc(O)c1O,9,nist:gas,-71.5344,0.3824,-70.4471,1.0873,True,False,True
exp_01308,cbs_09086,PHTQWCKDNZKARW-UHFFFAOYSA-N,CC(C)CCO,6,bains:Pedley,-72.0124,,-66.5918,5.4206,False,False,False
exp_01310,cbs_00170,PJANXHGTPQOBST-VAWYXSNFSA-N,C(=C\c1ccccc1)/c1ccccc1,14,bains:Cioslowski,56.4000,,66.5730,10.1730,True,False,False
exp_01314,cbs_52060,PJZLSMMERMMQBJ-UHFFFAOYSA-N,CC(C)(C)c1cc(O)c(O)c(C(C)(C)C)c1,16,nist:gas,-112.4522,0.6453,-107.8651,4.5871,False,False,True
exp_01315,cbs_06193,PKAHQJNJPDVTDP-UHFFFAOYSA-N,COC(=O)C1CC1,7,nist:gas,-72.8250,0.3585,-71.8856,0.9394,False,False,True
exp_01318,cbs_30413,PLAZTCDQAHEYBI-UHFFFAOYSA-N,Cc1ccccc1[N+](=O)[O-],10,bains:Winget,9.2956,,10.7197,1.4242,False,False,False
exp_01319,cbs_05736,PLGPBTCNKJQJHQ-UHFFFAOYSA-N,CC1(C)CCC(=O)CC1=O,10,nist:gas,-95.6979,0.6453,-88.0760,7.6219,False,False,True
exp_01320,cbs_30554,PLIKAWJENQZMHA-UHFFFAOYSA-N,Nc1ccc(O)cc1,8,nist:gas,-21.6300,0.2868,-15.8216,5.8084,False,False,True
exp_01328,cbs_50870,PMZXJPLGCUVUDN-UHFFFAOYSA-N,C=Cc1ccc(C)c(C)c1,10,bains:Yaws,21.3408,,26.7295,5.3887,False,True,False
exp_01334,cbs_12727,POLCUAVZOMRGSN-UHFFFAOYSA-N,CCCOCCC,7,bains:Pedley,-70.0048,,-62.9370,7.0678,False,False,False
exp_01337,cbs_51086,PPBRXRYQALVLMV-UHFFFAOYSA-N,C=Cc1ccccc1,8,atct,35.5067,0.1219,41.4640,5.9573,True,False,False
exp_01340,cbs_07064,PPXUHEORWJQRHJ-UHFFFAOYSA-N,CCOC(=O)CC(C)C,9,bains:Pedley,-125.9560,,-118.9942,6.9618,False,False,False
exp_01341,cbs_36907,PQAMFDRRWURCFQ-UHFFFAOYSA-N,CCc1ncc[nH]1,7,nist:gas,16.3241,0.3107,20.4591,4.1350,False,False,True
exp_01342,cbs_00110,PQNFLJBBNBOBRQ-UHFFFAOYSA-N,c1ccc2c(c1)CCC2,9,atct,14.3021,0.1816,21.0509,6.7488,True,False,False
exp_01345,cbs_44672,PRBHEGAFLDMLAL-GQCTYLIASA-N,C=CC/C=C/C,6,nist:gas,17.6864,0.4780,23.7264,6.0400,False,False,True
exp_01349,cbs_00080,PRJNEUBECVAVAG-UHFFFAOYSA-N,C=Cc1cccc(C=C)c1,10,bains:Yaws,50.6692,,58.2835,7.6142,False,True,False
exp_01352,cbs_05806,PTTPXKJBFFKCEK-UHFFFAOYSA-N,CC(C)CC(=O)CC(C)C,10,bains:Pedley,-85.4685,,-78.0123,7.4561,False,False,False
exp_01353,cbs_07497,PTVSRINJXWDIKP-UHFFFAOYSA-N,C=CCCC(=O)OCC,9,bains:Pedley,-92.1606,,-86.9729,5.1877,False,False,False
exp_01361,cbs_44739,PYGSKMBEVAICCR-UHFFFAOYSA-N,C=CCCC=C,6,atct,20.0550,0.0932,26.2635,6.2085,False,False,False
exp_01362,cbs_31625,PYNDWPFZDQONDV-UHFFFAOYSA-N,Cc1noc(N)c1C,8,bains:Pedley,1.2428,,3.0060,1.7631,False,False,False
exp_01363,cbs_12666,PYOKUURKVVELLB-UHFFFAOYSA-N,COC(OC)OC,7,bains:Pedley,-127.1272,,-128.3222,-1.1950,False,False,False
exp_01364,cbs_12603,PZHIWRCQKBBTOW-UHFFFAOYSA-N,CCCCOCC,7,bains:Yaws,-69.8853,,-62.9614,6.9239,False,True,False
exp_01365,cbs_09785,PZPYIRQFCOFLGJ-UHFFFAOYSA-N,CCC(O)(C(C)C)C(C)C,10,bains:Yaws,-95.7529,,-88.6039,7.1490,False,True,False
exp_01367,cbs_14008,PZVPOYBHOPRJNP-UHFFFAOYSA-N,CCC(C)(C)CN,7,bains:Yaws,-34.6080,,-29.2418,5.3662,False,True,False
exp_01372,cbs_47240,QBNLGSOBSNKMBN-UHFFFAOYSA-N,Cc1cc(C)[n+]([O-])c(C)c1,10,bains:Cioslowski,32.7000,,2.4135,-30.2865,False,False,False
exp_01374,cbs_51611,QCDYQQDYXPDABM-UHFFFAOYSA-N,Oc1cc(O)cc(O)c1,9,nist:gas,-108.2457,0.3585,-104.6963,3.5494,False,False,True
exp_01376,cbs_22837,QCOGKXLOEWLIDC-UHFFFAOYSA-N,CCCCNC,6,bains:NIST-1,-25.8843,,-14.0722,11.8121,False,False,False
exp_01377,cbs_48896,QCQALVMFTWRCFI-UHFFFAOYSA-N,CC#CCCCCC,8,nist:gas,15.2486,0.3585,22.6515,7.4030,False,False,True
exp_01378,cbs_50757,QCWXDVFBZVHKLV-UHFFFAOYSA-N,Cc1ccc(C(C)(C)C)cc1,11,nist:gas,-13.6233,0.4780,-5.3548,8.2685,False,False,True
exp_01379,cbs_12726,QDCJIPFNVBDLRH-UHFFFAOYSA-N,CC1(C)COCOC1,8,bains:Pedley,-100.4063,,-93.9908,6.4155,False,False,False
exp_01383,cbs_01686,QEVGZEDELICMKH-UHFFFAOYSA-N,O=C(O)COCC(=O)O,9,bains:Yaws,-225.8604,,-219.8905,5.9699,False,True,False
exp_01387,cbs_52038,QHPQWRBYOIRBIT-UHFFFAOYSA-N,CC(C)(C)c1ccc(O)cc1,11,nist:solid+sub,-53.6807,0.3107,-40.9788,12.7019,True,False,True
exp_01388,cbs_08109,QHSPZGZEUDEIQM-AATRIKPKSA-N,C/C=C/C(=O)OC(C)(C)C,10,bains:Pedley,-101.3145,,-101.2092,0.1053,False,False,False
exp_01390,cbs_51524,QIGBRXMKCJKVMJ-UHFFFAOYSA-N,Oc1ccc(O)cc1,8,bains:Pedley,-63.4082,,-60.1793,3.2289,True,False,False
exp_01393,cbs_30401,QIQXTHQIDYTFRH-UHFFFAOYSA-N,CCCCCCCCCCCCCCCCCC(=O)O,20,nist:solid+sub,-169.2161,3.3969,-166.5159,2.7002,False,False,True
exp_01398,cbs_01730,QJQAMHYHNCADNR-UHFFFAOYSA-N,CCC(O)=NC,6,nist:liquid+vap,-60.5880,0.1971,-58.1697,2.4182,False,False,True
exp_01399,cbs_16118,QKPVEISEHYYHRH-UHFFFAOYSA-N,COCC#N,5,rmg:CCCBDB,-8.5206,0.1577,-7.2679,1.2526,False,False,False
exp_01404,cbs_01674,QLNJFJADRCOGBJ-UHFFFAOYSA-N,CCC(N)=O,5,rmg:CCCBDB,-61.8881,0.1577,-58.9646,2.9235,False,False,False
exp_01407,cbs_00908,QMHNQZGXPNCMCO-UHFFFAOYSA-N,CCCCCCN(C)C,9,bains:Yaws,-33.6807,,-24.4176,9.2631,False,True,False
exp_01411,cbs_13100,QNAYBMKLOCPYGJ-UWTATZPHSA-N,C[C@@H](N)C(=O)O,6,nist:gas,-99.1157,1.0038,-100.3235,-1.2078,False,False,True
exp_01413,cbs_15120,QNRMTGGDHLBXQZ-UHFFFAOYSA-N,C=C=CC,4,atct,38.8504,0.1004,42.5668,3.7164,False,False,False
exp_01417,cbs_36508,QPJVMBTYPHYUOC-UHFFFAOYSA-N,COC(=O)c1ccccc1,10,bains:Pedley,-68.8098,,-63.1489,5.6609,True,False,False
exp_01419,cbs_52224,QPUYECUOLPXSFR-UHFFFAOYSA-N,Cc1cccc2ccccc12,11,nist:gas,27.9398,0.6453,34.9231,6.9833,False,False,True
exp_01425,cbs_30348,QQZOPKMRPOGIEB-UHFFFAOYSA-N,CCCCC(C)=O,7,bains:Pedley,-66.8738,,-62.3391,4.5347,False,False,False
exp_01429,cbs_41011,QSACPWSIIRFHHR-UHFFFAOYSA-N,Cc1cccc(C)c1C#N,10,nist:gas,34.9426,0.7648,39.6863,4.7437,False,False,True
exp_01432,cbs_05296,QSJXEFYPDANLFS-UHFFFAOYSA-N,CC(=O)C(C)=O,6,atct,-78.2075,0.1482,-77.0687,1.1388,True,False,False
exp_01439,cbs_13946,QVIAMKXOQGCYCV-UHFFFAOYSA-N,CC(C)CCCN,7,bains:Yaws,-33.3891,,-26.6749,6.7142,False,True,False
exp_01443,cbs_51624,QWBBPBRQALCEIZ-UHFFFAOYSA-N,Cc1cccc(O)c1C,9,bains:Pedley,-37.5717,,-32.6353,4.9364,True,False,False
exp_01444,cbs_30492,QWHNJUXXYKPLQM-UHFFFAOYSA-N,CC1(C)CCCC1,7,bains:Pedley,-33.0306,,-25.9750,7.0556,False,False,False
exp_01448,cbs_00118,QWUWMCYKGHVNAV-UHFFFAOYSA-N,c1ccc(CCc2ccccc2)cc1,14,atct,33.9914,0.1816,43.0301,9.0387,True,False,False
exp_01449,cbs_51956,QWVGKYWNOKOFNN-UHFFFAOYSA-N,Cc1ccccc1O,8,bains:Pedley,-30.7361,,-26.2277,4.5085,True,False,False
exp_01454,cbs_30386,QYKIQEUNHZKYBP-UHFFFAOYSA-N,C=COC=C,5,rmg:CCCBDB,-3.0306,0.2008,-0.0490,2.9816,False,False,False
exp_01456,cbs_44844,QYYQTLLGVAPKPN-UHFFFAOYSA-N,CCC1=CCCC1,7,bains:Pedley,-4.7084,,1.7977,6.5061,False,False,False
exp_01457,cbs_44676,QYZLKGVUSQXAMU-UHFFFAOYSA-N,C=CCC=C,5,bains:Cioslowski,25.2000,,30.5145,5.3145,False,False,False
exp_01461,cbs_48881,RAYTXPDVKZFUEI-UHFFFAOYSA-N,CCCC#CCCCC,9,nist:gas,10.0382,0.6692,18.7575,8.7193,False,False,True
exp_01468,cbs_32615,RDOXTESZEPMUJZ-UHFFFAOYSA-N,COc1ccccc1,8,atct,-16.9264,0.1506,-12.8156,4.1108,True,False,False
exp_01475,cbs_11732,RFFFKMOABOFIDF-UHFFFAOYSA-N,CCCCC#N,6,bains:NIST-1,2.6530,,7.8153,5.1623,False,False,False
exp_01478,cbs_05726,RGCDVHNITQEYPO-UHFFFAOYSA-N,CC1(C)C(=O)C(C)(C)C1=O,10,bains:Pedley,-73.5182,,-71.4109,2.1073,False,False,False
exp_01479,cbs_08274,RGFNRWTWDWVHDD-UHFFFAOYSA-N,CCCC(=O)OCC(C)C,10,bains:Yaws,-127.3901,,-123.4271,3.9630,False,True,False
exp_01482,cbs_44901,RGYAVZGBAJFMIZ-UHFFFAOYSA-N,CCCC(C)=C(C)C,8,bains:Yaws,-25.9321,,-18.0036,7.9285,False,True,False
exp_01483,cbs_05718,RHLVCLIPMVJYKS-UHFFFAOYSA-N,CCCCCC(=O)CC,9,nist:gas,-80.9273,0.7887,-69.3391,11.5883,False,False,True
exp_01488,cbs_30402,RINCXYDBBGOEEQ-UHFFFAOYSA-N,O=C1CCC(=O)O1,7,nist:gas,-126.1711,0.4063,-125.2605,0.9106,False,False,True
exp_01491,cbs_49643,RIZUCYSQUWMQLX-UHFFFAOYSA-N,Cc1cccc(C(=O)O)c1C,11,nist:gas,-82.6482,0.4063,-78.8406,3.8076,False,False,True
exp_01493,cbs_38170,RJSRSRITMWVIQT-UHFFFAOYSA-N,Nc1ccc2ncccc2c1,11,nist:gas,49.2591,0.5736,53.6860,4.4269,False,False,True
exp_01499,cbs_00130,RLSSMJSEOOYNOY-UHFFFAOYSA-N,Cc1cccc(O)c1,8,bains:Pedley,-31.6205,,-25.5219,6.0985,False,False,False
exp_01500,cbs_03703,RLVGHTRVYWUWSH-UHFFFAOYSA-N,CN(C)C(=O)C(C)(C)C,9,nist:gas,-68.3795,0.5019,-63.4509,4.9286,False,False,True
exp_01502,cbs_30391,RMBFBMJGBANMMK-UHFFFAOYSA-N,Cc1ccc([N+](=O)[O-])cc1[N+](=O)[O-],13,nist:gas,7.9350,0.7887,4.3581,-3.5769,False,False,True
exp_01505,cbs_12449,RMGHERXMTMUMMV-UHFFFAOYSA-N,COC(C)C,5,rmg:CCCBDB,-60.2390,0.2294,-55.3976,4.8414,False,False,False
exp_01510,cbs_30741,RNVCVTLRINQCPJ-UHFFFAOYSA-N,Cc1ccccc1N,8,nist:gas,12.7151,0.1195,18.0386,5.3235,False,False,True
exp_01512,cbs_08936,ROBFUDYVXSDBQM-UHFFFAOYSA-N,O=C(O)C(O)C(=O)O,8,nist:gas,-227.5335,0.3585,-224.0044,3.5290,False,False,True
exp_01513,cbs_14019,ROHFNLRQFUQHCH-YFKPBYRVSA-N,CC(C)C[C@H](N)C(=O)O,9,bains:Pedley,-116.3480,,-114.3366,2.0114,True,False,False
exp_01514,cbs_08308,ROJKPKOYARNFNB-UHFFFAOYSA-N,CCCCC(=O)OCCC,10,bains:Pedley,-127.5335,,-120.8769,6.6565,False,False,False
exp_01517,cbs_45310,RPNUMPOLZDHAAY-UHFFFAOYSA-N,NCCNCCN,7,nist:liquid+vap,-0.4302,0.2056,4.5160,4.9462,False,False,True
exp_01520,cbs_13000,RQUBQBFVDOLUKC-UHFFFAOYSA-N,CCOCC(C)C,7,bains:Yaws,-71.4149,,-65.3021,6.1128,False,True,False
exp_01524,cbs_30384,RSJKGSCJYJTIGS-UHFFFAOYSA-N,CCCCCCCCCCC,11,nist:gas,-64.6033,0.3107,-54.6972,9.9060,False,False,True
exp_01530,cbs_30420,RUPAXCPQAAOIPB-UHFFFAOYSA-N,CC(C)(C)OC=O,7,nist:gas,-109.1778,1.2906,-107.8198,1.3580,False,False,True
exp_01532,cbs_12582,RVGLUKRYMXEQAH-UHFFFAOYSA-N,CC1(C)COC1,6,bains:Pedley,-35.4207,,-31.5588,3.8618,False,False,False
exp_01534,cbs_48879,RWDDSTHSVISBEA-UHFFFAOYSA-N,CC#CCCCCCCC,10,nist:gas,5.6405,0.8126,14.6061,8.9655,False,False,True
exp_01535,cbs_00296,RWGFKTVRMDUZSP-UHFFFAOYSA-N,CC(C)c1ccccc1,9,bains:Cox-1,0.9600,,7.6421,6.6821,False,False,False
exp_01536,cbs_42466,RWQNBRDOKXIBIV-UHFFFAOYSA-N,Cc1c[nH]c(=O)[nH]c1=O,9,bains:Pedley,-78.5612,,-77.5795,0.9817,False,False,False
exp_01539,cbs_08193,RXGUIWHIADMCFC-UHFFFAOYSA-N,CC(C)COC(=O)C(C)C,10,nist:gas,-129.7562,0.4063,-124.7442,5.0120,False,False,True
exp_01543,cbs_44885,RXYYKIMRVXDSFR-UHFFFAOYSA-N,C=CC(C)(C)CCC,8,bains:Yaws,-22.4665,,-16.2171,6.2495,False,True,False
exp_01544,cbs_15198,RYECOJGRJDOGPP-UHFFFAOYSA-N,CCNC(N)=O,6,bains:NIST-1,-61.5440,,-59.5015,2.0424,False,False,False
exp_01546,cbs_30478,RYHBNJHYFVUHQT-UHFFFAOYSA-N,C1COCCO1,6,rmg:CCCBDB,-75.3585,0.1912,-73.9726,1.3859,True,False,False
exp_01547,cbs_44813,RYKZRKKEYSRDNF-UHFFFAOYSA-N,C=C(CC)CC,6,rmg:CCCBDB,-13.4011,0.2103,-6.4655,6.9355,False,False,False
exp_01548,cbs_44870,RYPKRALMXUUNKS-HWKANZROSA-N,C/C=C/CCC,6,bains:Pedley,-12.8824,,-6.4077,6.4747,False,False,False
exp_01552,cbs_30482,RZJRJXONCZWCBN-UHFFFAOYSA-N,CCCCCCCCCCCCCCCCCC,18,nist:gas,-99.0918,0.6453,-82.3990,16.6928,False,False,True
exp_01562,cbs_44698,SDJHPPZKZZWAKF-UHFFFAOYSA-N,C=C(C)C(=C)C,6,bains:Pedley,10.7792,,18.9437,8.1645,False,False,False
exp_01570,cbs_49350,SFRKSDZMZHIISH-UHFFFAOYSA-N,CCCC(CC)CC,8,bains:Cox-1,-50.3600,,-42.1113,8.2487,False,False,False
exp_01573,cbs_00095,SHDPRTQPPWIEJG-UHFFFAOYSA-N,CC1=CC1,4,bains:Pedley,58.2218,,61.4013,3.1795,False,False,False
exp_01576,cbs_07671,SHZIWNPUGXLXDT-UHFFFAOYSA-N,CCCCCC(=O)OCC,10,nist:gas,-126.1950,0.4780,-121.4971,4.6979,False,False,True
exp_01578,cbs_30319,SIKJAQJRHWYJAI-UHFFFAOYSA-N,c1ccc2[nH]ccc2c1,9,bains:Cioslowski,37.4000,,44.0827,6.6827,True,False,False
exp_01579,cbs_42395,SILNNFMWIMZVEQ-UHFFFAOYSA-N,Oc1nc2ccccc2[nH]1,10,nist:solid+sub,9.8709,0.9560,-1.5336,-11.4046,False,False,True
exp_01583,cbs_15059,SJNALLRHIVGIBI-UHFFFAOYSA-N,C=CCC#N,5,bains:Pedley,37.7151,,44.1221,6.4069,False,False,False
exp_01590,cbs_09452,SLCVBVWXLSEKPL-UHFFFAOYSA-N,CC(C)(CO)CO,7,bains:Yaws,-112.3327,,-110.3165,2.0162,False,True,False
exp_01593,cbs_13850,SLXKOJJOQWFEFD-UHFFFAOYSA-N,NCCCCCC(=O)O,9,nist:gas,-115.2964,0.7170,-110.8647,4.4316,False,False,True
exp_01597,cbs_30465,SNIOPGDIGTZGOP-UHFFFAOYSA-N,O=[N+]([O-])OCC(CO[N+](=O)[O-])O[N+](=O)[O-],15,nist:gas,-66.7065,0.6453,-80.4570,-13.7505,True,False,True
exp_01598,cbs_40410,SNIZBGQMWRHNDY-UHFFFAOYSA-N,Cc1cc(C)c(C#N)c(C)c1,11,nist:gas,25.4302,0.5497,31.7376,6.3074,False,False,True
exp_01600,cbs_30477,SNRUBQQJIBEYMU-UHFFFAOYSA-N,CCCCCCCCCCCC,12,nist:gas,-69.5268,0.3346,-58.3153,11.2115,False,False,True
exp_01602,cbs_07678,SOGAXMICEFXMKE-UHFFFAOYSA-N,C=C(C)C(=O)OCCCC,10,bains:Yaws,-100.8604,,-94.2208,6.6396,False,True,False
exp_01605,cbs_12616,SPEUIVXLLWOEMJ-UHFFFAOYSA-N,COC(C)OC,6,rmg:CCCBDB,-93.1501,0.1888,-92.5697,0.5804,False,False,False
exp_01606,cbs_30425,SPSSULHKWOKEEL-UHFFFAOYSA-N,Cc1c([N+](=O)[O-])cc([N+](=O)[O-])cc1[N+](=O)[O-],16,bains:Winget,12.8938,,4.2237,-8.6702,True,False,False
exp_01607,cbs_47341,SQDFHQJTAWCFIB-UHFFFAOYSA-N,C=NO,3,atct,4.7801,0.3107,5.4789,0.6988,False,False,False
exp_01609,cbs_50738,SQNZJJAZBFDUTD-UHFFFAOYSA-N,Cc1cc(C)c(C)cc1C,10,nist:gas,-11.2094,0.4302,-4.2321,6.9773,False,False,True
exp_01610,cbs_30397,SQYNKIJPMDEDEG-FPFOFBBKSA-N,C[C@H]1O[C@@H](C)O[C@@H](C)O1,9,nist:gas,-152.0554,0.7170,-147.9112,4.1443,False,False,True
exp_01612,cbs_48878,SRRDSRCWRHKEKU-UHFFFAOYSA-N,CCC#CCCCCC,9,nist:gas,10.0382,0.5975,19.0496,9.0114,False,False,True
exp_01616,cbs_24937,STNJBCKSHOAVAJ-UHFFFAOYSA-N,C=C(C)C=O,5,bains:NIST-1,-25.4302,,-19.3414,6.0888,False,False,False
exp_01621,cbs_44881,SUJVAMIXNUAJEY-UHFFFAOYSA-N,C=CCC(C)(C)CC,8,bains:Yaws,-23.2314,,-16.1239,7.1075,False,True,False
exp_01622,cbs_06315,SUPCQIBBMFXVTL-UHFFFAOYSA-N,C=C(C)C(=O)OCC,8,bains:Yaws,-91.0612,,-85.9792,5.0819,False,True,False
exp_01625,cbs_38146,SVNCRRZKBNSMIV-UHFFFAOYSA-N,Nc1cnc2ccccc2c1,11,nist:gas,49.8088,0.5258,54.5442,4.7354,False,False,True
exp_01631,cbs_09568,SXCBDZAEHILGLM-UHFFFAOYSA-N,OCCCCCCCO,9,nist:gas,-114.1491,2.2228,-109.7562,4.3930,False,False,True
exp_01633,cbs_24992,SXINBFXPADXIEY-UHFFFAOYSA-N,O=Cc1ccc([N+](=O)[O-])o1,10,bains:Pedley,-35.2294,,-36.8287,-1.5993,False,False,False
exp_01634,cbs_05115,SXOZDDAFVJANJP-UHFFFAOYSA-N,O=C1CCCCCCCCC1,11,nist:gas,-72.9207,0.4541,-52.8763,20.0444,False,False,True
exp_01637,cbs_05302,SYBYTAAJFKOIEJ-UHFFFAOYSA-N,CC(=O)C(C)C,6,rmg:CCCBDB,-62.7557,0.2079,-58.0365,4.7192,False,False,False
exp_01641,cbs_52118,TUAMRELNJMMDMT-UHFFFAOYSA-N,Cc1cc(C)cc(O)c1,9,bains:Pedley,-38.5994,,-33.0080,5.5914,False,False,False
exp_01646,cbs_07994,TVQGDYNRXLTQAP-UHFFFAOYSA-N,CCCCCCC(=O)OCC,11,nist:gas,-130.9751,0.4780,-125.5836,5.3916,False,False,True
exp_01648,cbs_07898,TWBUVVYSQBFVGZ-UHFFFAOYSA-N,CCCC(=O)OC(C)(C)C,10,bains:Yaws,-134.5124,,-127.9227,6.5898,False,True,False
exp_01649,cbs_08214,TWSRVQVEYJNFKQ-UHFFFAOYSA-N,CCCCCOC(=O)CC,10,bains:Yaws,-125.1195,,-121.2458,3.8737,False,True,False
exp_01651,cbs_44686,TXBZITDWMURSEF-UHFFFAOYSA-N,C=CC(C)(C)CC,7,bains:Yaws,-17.4952,,-12.0455,5.4497,False,True,False
exp_01654,cbs_30466,TYFQFVWCELRYAO-UHFFFAOYSA-N,O=C(O)CCCCCCC(=O)O,12,bains:Pedley,-213.8862,,-214.3220,-0.4357,False,False,False
exp_01655,cbs_41100,TYMLOMAKGOJONV-UHFFFAOYSA-N,Nc1ccc([N+](=O)[O-])cc1,10,bains:Cioslowski,13.2000,,15.2710,2.0710,True,False,False
exp_01662,cbs_09342,TZYRSLHNPKPEFV-UHFFFAOYSA-N,CCC(CC)CO,7,bains:Yaws,-76.6969,,-69.8229,6.8740,False,True,False
exp_01663,cbs_49327,UAEPNZWRGJTJPN-UHFFFAOYSA-N,CC1CCCCC1,7,bains:Pedley,-36.9742,,-29.1981,7.7761,False,False,False
exp_01665,cbs_30351,UATJOMSPNYCXIX-UHFFFAOYSA-N,O=[N+]([O-])c1cc([N+](=O)[O-])cc([N+](=O)[O-])c1,15,nist:solid+sub,16.8021,0.2787,7.8296,-8.9725,False,False,True
exp_01667,cbs_42455,UBQKCCHYAOITMY-UHFFFAOYSA-N,Oc1ccccn1,7,bains:Pedley,-19.0488,,-14.5740,4.4747,False,False,False
exp_01670,cbs_13190,UCMIRNVEIXFBKS-UHFFFAOYSA-N,NCCC(=O)O,6,bains:NIST-1,-101.3384,,-98.3769,2.9616,False,False,False
exp_01672,cbs_48894,UDEISTCPVNLKRJ-UHFFFAOYSA-N,CCC#CCCCC,8,nist:gas,14.9379,0.4302,23.5729,8.6351,False,False,True
exp_01673,cbs_36843,UDLLFLQFQMACJB-UHFFFAOYSA-N,[N-]=[N+]=NCc1ccccc1,10,nist:gas,99.4264,0.4780,101.2812,1.8548,False,False,True
exp_01675,cbs_19340,UEEJHVSXFDXPFK-UHFFFAOYSA-N,CN(C)CCO,6,bains:Yaws,-48.2792,,-42.3002,5.9789,False,True,False
exp_01676,cbs_52362,UEXCJVNBTNXOEH-UHFFFAOYSA-N,C#Cc1ccccc1,8,atct,75.9154,0.1649,81.8328,5.9174,True,False,False
exp_01680,cbs_52212,UFWIBTONFRDIAS-UHFFFAOYSA-N,c1ccc2ccccc2c1,10,atct,35.2940,0.1291,42.1413,6.8473,False,False,False
exp_01687,cbs_52221,UHOVQNZJYSORNB-UHFFFAOYSA-N,c1ccccc1,6,atct,19.8805,0.0502,24.6580,4.7775,False,False,False
exp_01688,cbs_25464,UIFVCPMLQXKEEU-UHFFFAOYSA-N,Cc1cccc(C=O)c1C,10,atct,-22.3948,0.5736,-17.2353,5.1595,False,False,False
exp_01692,cbs_30452,UJOBWOGCFQCDNV-UHFFFAOYSA-N,c1ccc2c(c1)[nH]c1ccccc12,13,bains:Cioslowski,50.0000,,55.9155,5.9155,False,False,False
exp_01694,cbs_02121,UKFXDFUAPNAMPJ-UHFFFAOYSA-N,CCC(C(=O)O)C(=O)O,9,nist:gas,-203.1071,0.2629,-197.6985,5.4085,False,False,True
exp_01698,cbs_48862,UMIPWJGWASORKV-UHFFFAOYSA-N,C#CCCCCCC,8,nist:gas,19.2878,0.8604,27.1676,7.8798,False,False,True
exp_01699,cbs_00143,UMIVXZPTRXBADB-UHFFFAOYSA-N,c1ccc2c(c1)CC2,8,nist:gas,47.6577,0.2151,53.5222,5.8645,False,False,True
exp_01704,cbs_49700,UMVOQQDNEYOJOK-UHFFFAOYSA-N,Cc1cc(C)cc(C(=O)O)c1,11,nist:gas,-87.1176,0.4063,-83.1555,3.9621,False,False,True
exp_01707,cbs_09114,UNXHWFMMPAWVPI-ZXZARUISSA-N,OC[C@@H](O)[C@@H](O)CO,8,bains:Pedley,-185.2772,,-185.1057,0.1716,True,False,False
exp_01708,cbs_50657,UOHMMEJUHBCKEE-UHFFFAOYSA-N,Cc1ccc(C)c(C)c1C,10,nist:gas,-8.9866,0.2868,-2.1278,6.8588,False,False,True
exp_01709,cbs_12724,UPOMCDPCTBJJDA-UHFFFAOYSA-N,CC(C)COC(C)(C)C,9,nist:gas,-88.1931,0.3824,-82.5320,5.6611,False,False,True
exp_01712,cbs_14407,UQXNEWQGGVUVQA-UHFFFAOYSA-N,NCCCCCCCC(=O)O,11,nist:gas,-125.2390,0.9560,-118.9752,6.2638,False,False,True
exp_01713,cbs_30329,URAYPUMNDPQOKB-UHFFFAOYSA-N,CC(=O)OCC(COC(C)=O)OC(C)=O,15,nist:liquid+vap,-297.9924,1.2336,-285.7810,12.2114,False,False,True
exp_01715,cbs_00081,URLKBWYHVLBVBO-UHFFFAOYSA-N,Cc1ccc(C)cc1,8,bains:Cioslowski,4.3000,,10.0412,5.7412,False,False,False
exp_01720,cbs_48902,USCSRAJGJYMJFZ-UHFFFAOYSA-N,C#CC(C)C,5,bains:NIST-1,32.6004,,38.2984,5.6980,False,False,False
exp_01726,cbs_15132,UVKXJAUUKPDDNW-NSCUHMNNSA-N,C/C=C/CC#N,6,bains:Pedley,30.0191,,36.8528,6.8337,False,False,False
exp_01738,cbs_15222,UZKWTJUDCOPSNM-UHFFFAOYSA-N,C=COCCCC,7,bains:Pedley,-44.0966,,-37.3141,6.7824,True,False,False
exp_01748,cbs_30343,VDFVNEFVBPFDSB-UHFFFAOYSA-N,C1COCOC1,6,bains:Pedley,-81.8117,,-79.4658,2.3458,True,False,False
exp_01752,cbs_46622,VEZUQRBDRNJBJY-UHFFFAOYSA-N,ON=C1CCCCC1,8,nist:solid+sub,-17.8967,0.6018,-12.9367,4.9600,True,False,True
exp_01756,cbs_09870,VFPKIWATTACVJR-UHFFFAOYSA-N,CC(=O)CN(C)C,7,nist:gas,-43.0449,0.6931,-38.5046,4.5403,False,False,True
exp_01757,cbs_00270,VFSFCYAQBIPUSL-UHFFFAOYSA-N,c1ccc(C2CC2)cc1,9,nist:gas,35.9465,0.1912,44.4535,8.5070,False,False,True
exp_01758,cbs_44913,VFZIUYUUQFYZBR-UHFFFAOYSA-N,CC(C)=CCC(C)C,8,bains:Yaws,-27.5574,,-19.3668,8.1906,False,True,False
exp_01761,cbs_00566,VGIVLIHKENZQHQ-UHFFFAOYSA-N,CN(C)CN(C)C,7,bains:Pedley,-4.2304,,5.1214,9.3518,False,False,False
exp_01763,cbs_44987,VILCJCGEZXAXTO-UHFFFAOYSA-N,NCCNCCNCCN,10,bains:Yaws,0.8007,,9.0468,8.2461,False,True,False
exp_01766,cbs_05652,VKCYHJWLYTUGCC-UHFFFAOYSA-N,CCCCCCCC(C)=O,10,bains:Pedley,-81.4293,,-74.7781,6.6512,False,False,False
exp_01769,cbs_30318,VLHAGZNBWKUMRW-UHFFFAOYSA-N,CCC(C(C)C)C(C)C,9,bains:Yaws,-54.4694,,-46.5393,7.9301,False,True,False
exp_01771,cbs_47731,VLJSLTNSFSOYQR-UHFFFAOYSA-N,CC(C)c1cccc(O)c1,10,bains:Pedley,-46.8451,,-35.3374,11.5077,True,False,False
exp_01773,cbs_49337,VLKZOEOYAKHREP-UHFFFAOYSA-N,CCCCCC,6,atct,-39.8614,0.0765,-33.8718,5.9896,False,False,False
exp_01776,cbs_24168,VLZLOWPYUQHHCG-UHFFFAOYSA-N,O=[N+]([O-])Cc1ccccc1,10,bains:Pedley,7.3375,,11.2028,3.8653,False,False,False
exp_01782,cbs_12547,VNKYTQGIUYNRMY-UHFFFAOYSA-N,CCCOC,5,rmg:CCCBDB,-56.8881,0.2032,-52.8054,4.0827,False,False,False
exp_01784,cbs_00309,VNWKTOKETHGBQD-UHFFFAOYSA-N,C,1,atct,-17.8090,0.0103,-16.4890,1.3200,False,False,False
exp_01786,cbs_44754,VONKRKBGTZDZNV-UHFFFAOYSA-N,CC=C1CCCC1,7,bains:Pedley,-4.3260,,2.8328,7.1588,False,False,False
exp_01794,cbs_47264,VQKJLIJNBRMZJE-UHFFFAOYSA-N,COc1ccc2nonc2c1,11,nist:gas,35.1577,0.4302,35.1526,-0.0051,False,False,True
exp_01795,cbs_13928,VQMPTVQCADWACQ-UHFFFAOYSA-N,CCC(C)(N)CC,7,bains:Yaws,-36.3528,,-30.6497,5.7031,False,True,False
exp_01797,cbs_44695,VQTUBCCKSQIDNK-UHFFFAOYSA-N,C=C(C)C,4,atct,-4.0057,0.0765,0.3391,4.3448,False,False,False
exp_01798,cbs_12533,VRAYTNFBRROPJU-UHFFFAOYSA-N,COC1OCCO1,7,nist:gas,-115.4876,0.2629,-116.6297,-1.1421,False,False,True
exp_01800,cbs_43648,VRESBNUEIKZECD-UHFFFAOYSA-N,Cn1ncnn1,6,rmg:CCCBDB,78.4895,0.1673,72.1634,-6.3261,False,False,False
exp_01811,cbs_44864,VVCFYASOGFVJFN-UHFFFAOYSA-N,CC(C)=CC(C)C,7,bains:Pedley,-21.1998,,-14.6866,6.5132,False,False,False
exp_01817,cbs_44681,VXNZUUAINFGPBY-UHFFFAOYSA-N,C=CCC,4,atct,0.0645,0.0789,4.4928,4.4282,False,False,False
exp_01818,cbs_30332,VYXHVRARDIDEHS-QGTKBVGQSA-N,C1=C\CC/C=C\CC/1,8,bains:Pedley,24.1635,,32.4889,8.3254,False,False,False
exp_01820,cbs_01632,VZCYOOQTPOCHFL-OWOJBTEDSA-N,O=C(O)/C=C/C(=O)O,8,bains:Pedley,-161.5201,,-164.6129,-3.0928,False,False,False
exp_01822,cbs_25287,VZIRCHXYMBFNFD-HNQUOIGGSA-N,O=C/C=C/c1ccco1,9,bains:Pedley,-25.3107,,-19.0943,6.2164,False,False,False
exp_01826,cbs_06131,WBJINCZRORDGAQ-UHFFFAOYSA-N,CCOC=O,5,atct,-94.0966,0.2390,-92.6743,1.4223,True,False,False
exp_01829,cbs_06825,WDAXFOBOLVPGLV-UHFFFAOYSA-N,CCOC(=O)C(C)C,8,bains:Yaws,-119.4073,,-114.1800,5.2273,False,True,False
exp_01830,cbs_30451,WDCYWAQPCXBPJA-UHFFFAOYSA-N,O=[N+]([O-])c1cccc([N+](=O)[O-])c1,12,bains:Pedley,12.8585,,10.5884,-2.2701,True,False,False
exp_01831,cbs_30403,WDECIBYCCFPHNR-UHFFFAOYSA-N,c1ccc2c(c1)ccc1c3ccccc3ccc21,18,nist:gas,64.2208,1.1233,73.4623,9.2414,False,False,True
exp_01834,cbs_23368,WEHWNAOGRSTTBQ-UHFFFAOYSA-N,CCCNCCC,7,bains:Pedley,-27.7486,,-18.0162,9.7324,False,False,False
exp_01839,cbs_19422,WFCSWCVEJLETKA-UHFFFAOYSA-N,OCCN1CCNCC1,9,nist:liquid+vap,-35.5641,0.3116,-31.1010,4.4630,False,False,True
exp_01841,cbs_44759,WFHALSLYRWWUGH-UHFFFAOYSA-N,CCC(C)=C(C)C,7,bains:Yaws,-20.9608,,-13.5366,7.4242,False,True,False
exp_01844,cbs_01900,WFKAJVHLWXSISD-UHFFFAOYSA-N,CC(C)C(N)=O,6,rmg:CCCBDB,-67.5430,0.2151,-63.5072,4.0358,False,False,False
exp_01853,cbs_44707,WGLLSSPDPJPLOR-UHFFFAOYSA-N,CC(C)=C(C)C,6,bains:Pedley,-16.3002,,-9.2159,7.0843,False,False,False
exp_01854,cbs_24076,WGQKYBSKWIADBV-UHFFFAOYSA-N,NCc1ccccc1,8,bains:Pedley,20.9847,,26.5911,5.6064,True,False,False
exp_01855,cbs_13656,WGYKZJWCGVVSQN-UHFFFAOYSA-N,CCCN,4,atct,-16.7185,0.1004,-12.7638,3.9547,True,False,False
exp_01858,cbs_13679,WHUUTDBJXJRKMK-VKHMYHEASA-N,N[C@@H](CCC(=O)O)C(=O)O,10,bains:Yaws,-196.9407,,-194.6910,2.2497,False,True,False
exp_01869,cbs_06759,WMOVHXAZOJBABW-UHFFFAOYSA-N,CC(=O)OC(C)(C)C,8,nist:gas,-123.4465,0.3107,-119.2742,4.1722,True,False,True
exp_01873,cbs_02285,WNLRTRBMVRJNCN-UHFFFAOYSA-N,O=C(O)CCCCC(=O)O,10,bains:Pedley,-206.7400,,-204.8694,1.8705,True,False,False
exp_01874,cbs_48480,WNSYEWGYAFFSSQ-UHFFFAOYSA-N,O=NN1CCN(N=O)CC1,10,bains:Pedley,46.4388,,47.5113,1.0725,False,False,False
exp_01879,cbs_49491,WPYMKLBDIGXBTP-UHFFFAOYSA-N,O=C(O)c1ccccc1,9,atct,-70.3011,0.0454,-67.6958,2.6053,False,False,False
exp_01880,cbs_16234,WPYUCWSMVJJWFI-UHFFFAOYSA-N,CCOCC#N,6,rmg:CCCBDB,-16.6109,0.1338,-13.4335,3.1774,False,False,False
exp_01883,cbs_47524,WQGWDDDVZFFDIG-UHFFFAOYSA-N,Oc1cccc(O)c1O,9,nist:gas,-103.7763,0.2629,-106.1360,-2.3597,True,False,True
exp_01886,cbs_38024,WREVVZMUNPAPOV-UHFFFAOYSA-N,Nc1cccc2cccnc12,11,nist:gas,44.8375,0.5258,50.9243,6.0868,False,False,True
exp_01887,cbs_01668,WRIRWRKPLXCTFD-UHFFFAOYSA-N,N=C(O)CC(=N)O,7,nist:gas,-99.5220,0.0956,-97.8502,1.6718,False,False,True
exp_01888,cbs_01998,WROUWQQRXUBECT-UHFFFAOYSA-N,C=C(CC)C(=O)O,7,nist:gas,-94.0010,0.6692,-87.7868,6.2142,False,False,True
exp_01889,cbs_52205,WSFSSNUMVMOOMR-UHFFFAOYSA-N,C=O,2,atct,-26.1049,0.0225,-26.2510,-0.1461,True,False,False
exp_01890,cbs_05758,WSGCRAOTEDLMFQ-UHFFFAOYSA-N,CCCCC(=O)CCCC,10,bains:Pedley,-82.4331,,-74.1421,8.2910,False,False,False
exp_01892,cbs_44758,WSSSPWUEQFSQQG-UHFFFAOYSA-N,C=CCC(C)C,6,bains:Pedley,-12.2610,,-5.9532,6.3078,False,False,False
exp_01895,cbs_18946,WUGQZFFCHPXWKQ-UHFFFAOYSA-N,NCCCO,5,bains:Yaws,-52.8203,,-48.6410,4.1793,False,True,False
exp_01896,cbs_25931,WVDDGKGOMKODPV-UHFFFAOYSA-N,OCc1ccccc1,8,bains:Pedley,-23.9962,,-18.4450,5.5512,True,False,False
exp_01897,cbs_30387,WVIIMZNLDWSIRH-UHFFFAOYSA-N,C1CCC(C2CCCCC2)CC1,12,nist:gas,-52.1989,0.7409,-39.4535,12.7453,False,False,True
exp_01902,cbs_50565,WWRCMNKATXZARA-UHFFFAOYSA-N,Cc1ccccc1C(C)C,10,bains:Yaws,-6.3098,,1.5990,7.9087,False,True,False
exp_01904,cbs_44736,WWUVJRULCWHUSA-UHFFFAOYSA-N,C=C(C)CCC,6,bains:Pedley,-14.1969,,-7.2862,6.9107,False,False,False
exp_01905,cbs_04101,WWZKQHOCKIZLMA-UHFFFAOYSA-N,CCCCCCCC(=O)O,10,bains:Pedley,-132.4809,,-127.6735,4.8073,False,False,False
exp_01906,cbs_44814,WXACXMWYHXOSIX-UHFFFAOYSA-N,CC(C)=C1C=CC=C1,8,bains:Pedley,32.1224,,41.4313,9.3089,True,False,False
exp_01909,cbs_09285,WXZMFSXDPGVJKK-UHFFFAOYSA-N,OCC(CO)(CO)CO,9,bains:Pedley,-185.6358,,-185.7173,-0.0815,True,False,False
exp_01910,cbs_06496,WYACBZDAHNBPPB-UHFFFAOYSA-N,CCOC(=O)C(=O)OCC,10,bains:Pedley,-177.3423,,-178.8107,-1.4684,False,False,False
exp_01912,cbs_30481,WYVAMUWZEOHJOQ-UHFFFAOYSA-N,CCC(=O)OC(=O)CC,9,bains:Pedley,-149.7371,,-146.9202,2.8169,False,False,False
exp_01915,cbs_44787,WZHKDGJSXCTSCK-FNORWQNLSA-N,CC/C=C/CCC,7,nist:gas,-17.3518,0.1673,-10.3321,7.0197,False,False,True
exp_01919,cbs_07521,XAOGXQMKWQFZEM-UHFFFAOYSA-N,CCC(=O)OCCC(C)C,10,bains:Yaws,-126.4818,,-122.4978,3.9841,False,True,False
exp_01922,cbs_01400,XBDQKXXYIPTUBI-UHFFFAOYSA-N,CCC(=O)O,5,atct,-108.4297,0.1434,-106.7224,1.7074,False,False,False
exp_01924,cbs_09537,XCIXKGXIYUWCLL-UHFFFAOYSA-N,OC1CCCC1,6,bains:Pedley,-57.9828,,-52.5478,5.4350,False,False,False
exp_01925,cbs_50618,XCYJPXQACVEIOS-UHFFFAOYSA-N,Cc1cccc(C(C)C)c1,10,bains:Yaws,-7.3853,,0.3321,7.7174,False,True,False
exp_01926,cbs_13497,XDIAMRVROCPPBK-UHFFFAOYSA-N,CC(C)(C)CN,6,bains:Yaws,-26.9359,,-25.9387,0.9973,False,True,False
exp_01927,cbs_07644,XDOWKOALJBOBBL-SNAWJCMRSA-N,C/C=C/C(=O)OCC(C)C,10,bains:Cox-1,-101.3000,,-96.7691,4.5309,False,False,False
exp_01928,cbs_06657,XDPRPKSTFBPPHU-UHFFFAOYSA-N,CCC#CC(=O)OCC,9,bains:Pedley,-59.8231,,-45.4077,14.4154,False,False,False
exp_01931,cbs_08040,XEAMDSXSXYAICO-UHFFFAOYSA-N,CCCCCCCOC=O,10,bains:Yaws,-117.0650,,-113.5291,3.5359,False,True,False
exp_01933,cbs_06198,XEKOWRVHYACXOJ-UHFFFAOYSA-N,CCOC(C)=O,6,rmg:CCCBDB,-106.3002,0.1004,-104.3371,1.9631,False,False,False
exp_01936,cbs_51507,XESZUVZBAMCAEJ-UHFFFAOYSA-N,CC(C)(C)c1ccc(O)c(O)c1,12,nist:gas,-89.5554,0.5019,-85.1868,4.3686,False,False,True
exp_01937,cbs_30670,XFDUHJPVQKIXHO-UHFFFAOYSA-N,Nc1cccc(C(=O)O)c1,10,bains:Pedley,-67.7820,,-67.2009,0.5812,False,False,False
exp_01940,cbs_14896,XGEGHDBEHXKFPX-UHFFFAOYSA-N,CNC(N)=O,5,bains:NIST-1,-56.3289,,-53.1935,3.1354,False,False,False
exp_01942,cbs_49723,XHQZJYCNDZAGLW-UHFFFAOYSA-N,COc1cccc(C(=O)O)c1,11,bains:Pedley,-106.6205,,-106.1268,0.4937,False,False,False
exp_01948,cbs_30623,XJCVRTZCHMZPBD-UHFFFAOYSA-N,Nc1cccc([N+](=O)[O-])c1,10,bains:Pedley,13.9579,,16.4239,2.4660,True,False,False
exp_01953,cbs_09855,XKRZDNKKANUBPV-UHFFFAOYSA-N,CCCCC(O)(CC)CC,10,bains:Yaws,-93.2290,,-89.8545,3.3744,False,True,False
exp_01958,cbs_11275,XLSMFKSTNGKWQX-UHFFFAOYSA-N,CC(=O)CO,5,atct,-89.3260,0.1984,-87.7262,1.5998,False,False,False
exp_01959,cbs_48319,XLZCLFRMPCBSDI-UHFFFAOYSA-N,CC(C)CN(CC(C)C)N=O,11,bains:Pedley,-33.3413,,-18.6277,14.7136,False,False,False
exp_01964,cbs_08325,XNCNNDVCAUWAIT-UHFFFAOYSA-N,CCCCCCC(=O)OC,10,bains:Pedley,-123.3031,,-118.5974,4.7056,False,False,False
exp_01965,cbs_05310,XNLICIUVMPYHGG-UHFFFAOYSA-N,CCCC(C)=O,6,bains:Pedley,-61.9025,,-58.2791,3.6234,False,False,False
exp_01972,cbs_25785,XPFVYQJUAUNWIW-UHFFFAOYSA-N,OCc1ccco1,7,bains:Pedley,-50.6214,,-50.3192,0.3022,True,False,False
exp_01973,cbs_12811,XPIJMQVLTXAGME-UHFFFAOYSA-N,COC1(OC)CCCCC1,10,nist:gas,-105.4015,0.4780,-103.7640,1.6375,False,False,True
exp_01980,cbs_09369,XRMVWAKMXZNZIL-UHFFFAOYSA-N,CCC(C)(C)CO,7,bains:Yaws,-78.8719,,-74.8528,4.0191,False,True,False
exp_01981,cbs_09701,XRVCFZPJAHWYTB-UHFFFAOYSA-N,CCC(CC)(CO)CO,9,bains:Yaws,-117.5908,,-115.1270,2.4638,False,True,False
exp_01985,cbs_12579,XSJVWZAETSBXKU-UHFFFAOYSA-N,CCOC(C)C,6,bains:Yaws,-68.3078,,-62.6254,5.6825,False,True,False
exp_01992,cbs_07839,XUPYJHCZDLZNFP-UHFFFAOYSA-N,CCCCOC(=O)CCC,10,bains:Yaws,-125.4541,,-121.4393,4.0148,False,True,False
exp_01997,cbs_11435,XXJWXESWEXIICW-UHFFFAOYSA-N,CCOCCOCCO,9,bains:Yaws,-135.0382,,-131.5090,3.5292,False,True,False
exp_01998,cbs_09480,XXMIOPMDWAUFGU-UHFFFAOYSA-N,OCCCCCCO,8,bains:Pedley,-110.2294,,-107.3556,2.8739,False,False,False
exp_02002,cbs_06391,XYIBRDXRRQCHLP-UHFFFAOYSA-N,CCOC(=O)CC(C)=O,9,nist:gas,-140.1052,0.3585,-138.2847,1.8205,False,False,True
exp_02003,cbs_52374,XYLMUPLGERFSHI-UHFFFAOYSA-N,C=C(C)c1ccccc1,9,nist:gas,28.2744,0.3346,34.6801,6.4057,False,False,True
exp_02005,cbs_43656,XZGLNCKSNVGDNX-UHFFFAOYSA-N,Cc1nn[nH]n1,6,bains:NIST-1,67.0889,,67.4279,0.3390,False,False,False
exp_02007,cbs_49776,XZRHNAFEYMSXRG-UHFFFAOYSA-N,Cc1ccc(C)c(C(=O)O)c1,11,nist:gas,-83.9149,0.4063,-80.8691,3.0458,False,False,True
exp_02008,cbs_15202,YBBLOADPFWKNGS-UHFFFAOYSA-N,CN(C)C(N)=O,6,bains:NIST-1,-52.5813,,-51.9309,0.6504,True,False,False
exp_02011,cbs_52319,YBYIRNPNPLQARY-UHFFFAOYSA-N,C1=Cc2ccccc2C1,9,atct,38.2170,0.1721,44.8629,6.6458,False,False,False
exp_02012,cbs_51816,YCIMNLLNPGFGHC-UHFFFAOYSA-N,Oc1ccccc1O,8,nist:gas,-65.6788,0.2868,-62.3787,3.3000,False,False,True
exp_02013,cbs_00122,YCOXTKKNXUZSKD-UHFFFAOYSA-N,Cc1ccc(O)cc1C,9,bains:Pedley,-37.4283,,-32.4974,4.9309,False,False,False
exp_02014,cbs_30469,YCOZIPAWZNQLMR-UHFFFAOYSA-N,CCCCCCCCCCCCCCC,15,nist:gas,-84.7992,0.4780,-69.7649,15.0343,False,False,True
exp_02017,cbs_48847,YFIBSNDOVCWPBL-UHFFFAOYSA-N,C#CCCC#C,6,atct,100.6692,0.2868,105.5917,4.9225,False,False,False
exp_02019,cbs_01066,YFTHZRPMJXBUME-UHFFFAOYSA-N,CCCN(CCC)CCC,10,bains:Pedley,-38.4799,,-29.8315,8.6484,False,False,False
exp_02022,cbs_47612,YGSDEFSMJLZEOE-UHFFFAOYSA-N,O=C(O)c1ccccc1O,10,bains:Pedley,-118.2600,,-116.2591,2.0009,True,False,False
exp_02023,cbs_44714,YHQGMYUVUMAZJR-UHFFFAOYSA-N,CC1=CC=C(C(C)C)CC1,10,bains:Yaws,-4.9235,,5.3530,10.2765,False,True,False
exp_02026,cbs_44683,YIWFBNMYFYINAD-UHFFFAOYSA-N,C=CC1CC1,5,bains:NIST-1,30.3537,,35.2165,4.8627,True,False,False
exp_02030,cbs_06492,YKYONYBAUNKHLG-UHFFFAOYSA-N,CCCOC(C)=O,7,bains:Winget,-115.0450,,-108.4734,6.5716,False,False,False
exp_02032,cbs_30431,YLQBMQCUIZJEEH-UHFFFAOYSA-N,c1ccoc1,5,atct,-8.2505,0.2247,-5.4883,2.7622,True,False,False
exp_02041,cbs_52521,YNPNZTXNASCQKK-UHFFFAOYSA-N,c1ccc2c(c1)ccc1ccccc12,14,atct,48.5612,0.1793,57.0203,8.4591,False,False,False
exp_02042,cbs_52567,YNQLUTRBYVCPMQ-UHFFFAOYSA-N,CCc1ccccc1,8,atct,7.1582,0.1243,13.2345,6.0763,False,False,False
exp_02043,cbs_14950,YNTOKMNHRPSGFU-UHFFFAOYSA-N,CCCOC(N)=O,7,bains:Cox-1,-112.6700,,-109.3582,3.3118,False,False,False
exp_02047,cbs_15336,YOWQWFMSQCOSBA-UHFFFAOYSA-N,C=C(C)OC,5,bains:NIST-1,-35.5163,,-33.2197,2.2965,False,False,False
exp_02048,cbs_09024,YPFDHNVEDLHUCE-UHFFFAOYSA-N,OCCCO,5,bains:Pedley,-93.7141,,-96.4172,-2.7030,True,False,False
exp_02053,cbs_30408,YQHLDYVWEZKEOX-UHFFFAOYSA-N,CC(C)(OO)c1ccccc1,11,bains:Pedley,-18.7380,,-18.8384,-0.1004,False,False,False
exp_02054,cbs_14265,YQNVPNRHJFZONU-UHFFFAOYSA-N,CC(C)C(C)(C)N,7,bains:Yaws,-37.3566,,-32.2437,5.1128,False,True,False
exp_02056,cbs_47811,YQUQWHNMBPIWGK-UHFFFAOYSA-N,CC(C)c1ccc(O)cc1,10,bains:Pedley,-50.0478,,-35.0873,14.9605,True,False,False
exp_02058,cbs_05445,YRKCREAYFQTBPV-UHFFFAOYSA-N,CC(=O)CC(C)=O,7,bains:Pedley,-90.9656,,-84.9233,6.0423,False,False,False
exp_02060,cbs_12255,YSIMAPNUZAVQER-UHFFFAOYSA-N,CCCCCCCC#N,9,bains:Pedley,-12.0937,,-4.7288,7.3649,False,False,False
exp_02064,cbs_00323,YTZKOQUCBOVLHL-UHFFFAOYSA-N,CC(C)(C)c1ccccc1,10,nist:gas,-5.4254,0.3346,1.9131,7.3385,False,False,True
exp_02066,cbs_50797,YUWFEBAXEOLKSG-UHFFFAOYSA-N,Cc1c(C)c(C)c(C)c(C)c1C,12,nist:gas,-18.4990,0.5975,-10.2873,8.2117,False,False,True
exp_02067,cbs_09531,YVBCULSIZWMTFY-UHFFFAOYSA-N,CCCC(O)CCC,8,nist:gas,-84.7992,0.5019,-78.3187,6.4805,False,False,True
exp_02069,cbs_48900,YVXHZKKCZYLQOP-UHFFFAOYSA-N,C#CCCCCC,7,nist:gas,24.8088,0.6214,31.3154,6.5066,False,False,True
exp_02073,cbs_05741,YWXLSHOWXZUMSR-UHFFFAOYSA-N,CCCCC(=O)CCC,9,nist:gas,-83.4847,0.6692,-69.5664,13.9183,False,False,True
exp_02074,cbs_52422,YXFVVABEGXRONW-UHFFFAOYSA-N,Cc1ccccc1,7,atct,11.9670,0.0741,17.2418,5.2748,False,False,False
exp_02078,cbs_07621,YYLLIJHXUHJATK-UHFFFAOYSA-N,CC(=O)OC1CCCCC1,10,nist:gas,-121.2237,0.7170,-111.6143,9.6094,False,False,True
exp_02085,cbs_12609,ZAFNJMIOTHYJRJ-UHFFFAOYSA-N,CC(C)OC(C)C,7,bains:Pedley,-76.2906,,-69.8059,6.4848,False,False,False
exp_02086,cbs_49325,ZAGHKONXGGSVDV-UHFFFAOYSA-N,CCCCC1CCCC1,9,nist:gas,-40.2247,0.3585,-31.1837,9.0410,False,False,True
exp_02088,cbs_52041,ZBCATMYQYDCTIZ-UHFFFAOYSA-N,Cc1ccc(O)c(O)c1,9,nist:gas,-71.3193,0.3824,-69.2968,2.0226,True,False,True
exp_02089,cbs_18990,ZBCBWPMODOFKDW-UHFFFAOYSA-N,OCCNCCO,7,nist:gas,-94.9092,0.6931,-88.3842,6.5250,False,False,True
exp_02090,cbs_47287,ZBRDJMFLJXFIGJ-UHFFFAOYSA-N,c1ccc(-c2ccon2)cc1,11,bains:Pedley,33.3413,,45.7717,12.4304,False,False,False
exp_02097,cbs_49627,ZEYHEAKUIGZSGI-UHFFFAOYSA-N,COc1ccc(C(=O)O)cc1,11,bains:Pedley,-108.0067,,-106.3930,1.6137,False,False,False
exp_02102,cbs_42472,ZFSLODLOARCGLH-UHFFFAOYSA-N,Oc1nc(O)nc(O)n1,9,nist:gas,-134.8231,0.3585,-110.5157,24.3074,True,False,True
exp_02103,cbs_44693,ZGEGCLOFRBLKSE-UHFFFAOYSA-N,C=CCCCCC,7,bains:Pedley,-14.8901,,-8.0458,6.8442,True,False,False
exp_02106,cbs_12999,ZGMNAIODRDOMEK-UHFFFAOYSA-N,CCC(OC)(OC)OC,9,nist:gas,-141.4197,1.0516,-140.5618,0.8579,False,False,True
exp_02109,cbs_30441,ZHNUHDYFZUAESO-UHFFFAOYSA-N,NC=O,3,atct,-45.1721,0.0813,-44.6166,0.5554,False,False,False
exp_02110,cbs_11489,ZIBGPFATKBEMQZ-UHFFFAOYSA-N,OCCOCCOCCO,10,bains:Pedley,-173.2792,,-169.6538,3.6254,True,False,False
exp_02115,cbs_36840,ZJQQXBVCDFWYGI-UHFFFAOYSA-N,CC1(C)CCC(C)(C)N=N1,10,bains:Pedley,10.0382,,17.4182,7.3800,False,False,False
exp_02118,cbs_16277,ZKXDGKXYMTYWTB-UHFFFAOYSA-N,O=NN1CCOCC1,8,nist:gas,-21.0325,0.7170,-13.8295,7.2030,False,False,True
exp_02120,cbs_50761,ZLCSFXXPPANWQY-UHFFFAOYSA-N,CCc1cccc(C)c1,9,nist:gas,-0.4541,0.2868,5.8603,6.3144,False,False,True
exp_02122,cbs_00822,ZMANZCXQSJIPKH-UHFFFAOYSA-N,CCN(CC)CC,7,bains:Pedley,-22.1797,,-14.4898,7.6899,True,False,False
exp_02125,cbs_30480,ZMXDDKWLCZADIW-UHFFFAOYSA-N,CN(C)C=O,5,bains:Pedley,-45.8174,,-44.7406,1.0768,False,False,False
exp_02131,cbs_12869,ZPDIRKNRUWXYLJ-UHFFFAOYSA-N,CC1(C)CCCO1,7,bains:Yaws,-53.4058,,-58.4495,-5.0436,False,True,False
exp_02134,cbs_05699,ZPVFWPFBNIEHGJ-UHFFFAOYSA-N,CCCCCCC(C)=O,9,nist:gas,-82.4809,0.5975,-70.5610,11.9199,False,False,True
exp_02135,cbs_44734,ZQDPJFUHLCOCRG-AATRIKPKSA-N,CC/C=C/CC,6,bains:Pedley,-13.0019,,-6.0369,6.9650,False,False,False
exp_02138,cbs_49742,ZQVKTHRQIXSMGY-UHFFFAOYSA-N,CCc1ccc(C(=O)O)cc1,11,bains:Pedley,-86.8069,,-79.6177,7.1892,True,False,False
exp_02140,cbs_18793,ZRSNZINYAWTAHE-UHFFFAOYSA-N,COc1ccc(C=O)cc1,10,bains:Pedley,-48.4465,,-43.5983,4.8482,True,False,False
exp_02144,cbs_09357,ZSIAUFGUXNUGDI-UHFFFAOYSA-N,CCCCCCO,7,bains:Pedley,-75.4780,,-70.4198,5.0582,False,False,False
exp_02146,cbs_52575,ZSWFCLXCOIISFI-UHFFFAOYSA-N,C1=CCC=C1,5,atct,32.2084,0.1171,37.4168,5.2083,True,False,False
exp_02147,cbs_51667,ZTMADXFOCUXMJE-UHFFFAOYSA-N,Cc1c(O)cccc1O,9,bains:Yaws,-73.1119,,-69.1331,3.9788,False,True,False
exp_02148,cbs_26707,ZTQSAGDEMFDKMZ-UHFFFAOYSA-N,CCCC=O,5,atct,-49.1491,0.2032,-45.8931,3.2561,True,False,False
exp_02151,cbs_52886,ZUOUZKKEUPVFJK-UHFFFAOYSA-N,c1ccc(-c2ccccc2)cc1,12,atct,42.7342,0.2629,50.0318,7.2975,False,False,False
exp_02156,cbs_12433,ZVQXQPNJHRNGID-UHFFFAOYSA-N,CC(C)(C#N)C(C)(C)C#N,10,bains:Pedley,24.1396,,27.0197,2.8801,False,False,False
exp_02159,cbs_30337,ZWEHNKRNPOVVGH-UHFFFAOYSA-N,CCC(C)=O,5,atct,-56.9527,0.1888,-54.2982,2.6545,True,False,False
exp_02160,cbs_49747,ZWLPBLYKEWSWPD-UHFFFAOYSA-N,Cc1ccccc1C(=O)O,10,nist:gas,-76.6252,0.3585,-73.4589,3.1664,False,False,True
exp_02161,cbs_09799,ZWRUINPWMLAQRD-UHFFFAOYSA-N,CCCCCCCCCO,10,bains:Pedley,-89.9379,,-83.1070,6.8308,True,False,False
exp_02162,cbs_09160,ZXEKIIBDNHEJCQ-UHFFFAOYSA-N,CC(C)CO,5,rmg:CCCBDB,-67.8298,0.2151,-64.2050,3.6248,False,False,False
exp_02169,cbs_11757,ZZTSQZQUWBFTAT-UHFFFAOYSA-N,CCN(C#N)CC,7,nist:gas,15.1769,0.5019,25.0132,9.8364,False,False,True
